id,marketSlug,detectedAt,eventType,severity,detail,is_true_positive,verification_notes
779,what-will-happen-before-gta-vi,2026-03-27 14:10:31+00:00,zscore_spike_manual,medium,"{'mode': 'manual_sql', 'price': 0.535, 'window': 30, 'z_score': -2.949576240757579, 'detector': 'ZScoreDetector', 'threshold': 2.5, 'market_slug': 'what-will-happen-before-gta-vi'}",,
778,what-will-happen-before-gta-vi,2026-03-27 14:02:29+00:00,zscore_spike_manual,medium,"{'mode': 'manual_sql', 'price': 0.535, 'window': 30, 'z_score': -3.6787679096984798, 'detector': 'ZScoreDetector', 'threshold': 2.5, 'market_slug': 'what-will-happen-before-gta-vi'}",,
777,what-will-happen-before-gta-vi,2026-03-27 14:00:32+00:00,zscore_spike_manual,high,"{'mode': 'manual_sql', 'price': 0.535, 'window': 30, 'z_score': -5.294651389252034, 'detector': 'ZScoreDetector', 'threshold': 2.5, 'market_slug': 'what-will-happen-before-gta-vi'}",,
877,will-trump-acquire-greenland-before-2027,2026-03-27 00:00:39+00:00,zscore_spike_manual,medium,"{'mode': 'manual_sql', 'price': 0.0925, 'window': 30, 'z_score': 2.705373840919159, 'detector': 'ZScoreDetector', 'threshold': 2.5, 'market_slug': 'will-trump-acquire-greenland-before-2027'}",,
876,will-trump-acquire-greenland-before-2027,2026-03-26 22:00:31+00:00,zscore_spike_manual,medium,"{'mode': 'manual_sql', 'price': 0.092, 'window': 30, 'z_score': 2.6602451020459594, 'detector': 'ZScoreDetector', 'threshold': 2.5, 'market_slug': 'will-trump-acquire-greenland-before-2027'}",,
776,what-will-happen-before-gta-vi,2026-03-26 04:00:36+00:00,zscore_spike_manual,medium,"{'mode': 'manual_sql', 'price': 0.545, 'window': 30, 'z_score': -2.7520151835763014, 'detector': 'ZScoreDetector', 'threshold': 2.5, 'market_slug': 'what-will-happen-before-gta-vi'}",,
775,what-will-happen-before-gta-vi,2026-03-25 02:00:32+00:00,zscore_spike_manual,medium,"{'mode': 'manual_sql', 'price': 0.565, 'window': 30, 'z_score': 1.4843051230406086, 'detector': 'ZScoreDetector', 'threshold': 2.5, 'market_slug': 'what-will-happen-before-gta-vi'}",,
774,what-will-happen-before-gta-vi,2026-03-25 01:00:31+00:00,zscore_spike_manual,medium,"{'mode': 'manual_sql', 'price': 0.565, 'window': 30, 'z_score': 1.5866709935951258, 'detector': 'ZScoreDetector', 'threshold': 2.5, 'market_slug': 'what-will-happen-before-gta-vi'}",,
773,what-will-happen-before-gta-vi,2026-03-25 00:00:39+00:00,zscore_spike_manual,medium,"{'mode': 'manual_sql', 'price': 0.565, 'window': 30, 'z_score': 1.7076494025401248, 'detector': 'ZScoreDetector', 'threshold': 2.5, 'market_slug': 'what-will-happen-before-gta-vi'}",,
772,what-will-happen-before-gta-vi,2026-03-24 23:00:33+00:00,zscore_spike_manual,medium,"{'mode': 'manual_sql', 'price': 0.565, 'window': 30, 'z_score': 1.8526648778880468, 'detector': 'ZScoreDetector', 'threshold': 2.5, 'market_slug': 'what-will-happen-before-gta-vi'}",,
771,what-will-happen-before-gta-vi,2026-03-24 22:00:29+00:00,zscore_spike_manual,medium,"{'mode': 'manual_sql', 'price': 0.565, 'window': 30, 'z_score': 2.0304279329401846, 'detector': 'ZScoreDetector', 'threshold': 2.5, 'market_slug': 'what-will-happen-before-gta-vi'}",,
770,what-will-happen-before-gta-vi,2026-03-24 20:00:34+00:00,zscore_spike_manual,medium,"{'mode': 'manual_sql', 'price': 0.56, 'window': 30, 'z_score': 1.7516314102632085, 'detector': 'ZScoreDetector', 'threshold': 2.5, 'market_slug': 'what-will-happen-before-gta-vi'}",,
875,will-trump-acquire-greenland-before-2027,2026-03-24 01:00:24+00:00,zscore_spike_manual,medium,"{'mode': 'manual_sql', 'price': 0.087, 'window': 30, 'z_score': -2.533621293224215, 'detector': 'ZScoreDetector', 'threshold': 2.5, 'market_slug': 'will-trump-acquire-greenland-before-2027'}",,
874,will-trump-acquire-greenland-before-2027,2026-03-21 22:00:33+00:00,zscore_spike_manual,medium,"{'mode': 'manual_sql', 'price': 0.0865, 'window': 30, 'z_score': -2.772993725277039, 'detector': 'ZScoreDetector', 'threshold': 2.5, 'market_slug': 'will-trump-acquire-greenland-before-2027'}",,
873,will-trump-acquire-greenland-before-2027,2026-03-21 21:00:33+00:00,zscore_spike_manual,medium,"{'mode': 'manual_sql', 'price': 0.086, 'window': 30, 'z_score': -3.631483027326532, 'detector': 'ZScoreDetector', 'threshold': 2.5, 'market_slug': 'will-trump-acquire-greenland-before-2027'}",,
769,what-will-happen-before-gta-vi,2026-03-20 22:00:34+00:00,zscore_spike_manual,medium,"{'mode': 'manual_sql', 'price': 0.55, 'window': 30, 'z_score': 2.5131929418979495, 'detector': 'ZScoreDetector', 'threshold': 2.5, 'market_slug': 'what-will-happen-before-gta-vi'}",,
768,what-will-happen-before-gta-vi,2026-03-20 21:00:34+00:00,zscore_spike_manual,medium,"{'mode': 'manual_sql', 'price': 0.55, 'window': 30, 'z_score': 2.7443327499912034, 'detector': 'ZScoreDetector', 'threshold': 2.5, 'market_slug': 'what-will-happen-before-gta-vi'}",,
767,what-will-happen-before-gta-vi,2026-03-19 13:00:28+00:00,zscore_spike_manual,medium,"{'mode': 'manual_sql', 'price': 0.555, 'window': 30, 'z_score': 2.8587441019412885, 'detector': 'ZScoreDetector', 'threshold': 2.5, 'market_slug': 'what-will-happen-before-gta-vi'}",,
872,will-trump-acquire-greenland-before-2027,2026-03-19 09:00:54+00:00,zscore_spike_manual,medium,"{'mode': 'manual_sql', 'price': 0.078, 'window': 30, 'z_score': -1.4399602775058054, 'detector': 'ZScoreDetector', 'threshold': 2.5, 'market_slug': 'will-trump-acquire-greenland-before-2027'}",,
871,will-trump-acquire-greenland-before-2027,2026-03-19 08:00:31+00:00,zscore_spike_manual,medium,"{'mode': 'manual_sql', 'price': 0.077, 'window': 30, 'z_score': -1.6825742616218222, 'detector': 'ZScoreDetector', 'threshold': 2.5, 'market_slug': 'will-trump-acquire-greenland-before-2027'}",,
870,will-trump-acquire-greenland-before-2027,2026-03-19 07:00:44+00:00,zscore_spike_manual,medium,"{'mode': 'manual_sql', 'price': 0.0775, 'window': 30, 'z_score': -1.7797331187092644, 'detector': 'ZScoreDetector', 'threshold': 2.5, 'market_slug': 'will-trump-acquire-greenland-before-2027'}",,
869,will-trump-acquire-greenland-before-2027,2026-03-19 06:00:54+00:00,zscore_spike_manual,medium,"{'mode': 'manual_sql', 'price': 0.0775, 'window': 30, 'z_score': -1.9625645150708124, 'detector': 'ZScoreDetector', 'threshold': 2.5, 'market_slug': 'will-trump-acquire-greenland-before-2027'}",,
868,will-trump-acquire-greenland-before-2027,2026-03-19 05:00:31+00:00,zscore_spike_manual,medium,"{'mode': 'manual_sql', 'price': 0.0735, 'window': 30, 'z_score': -2.782276517787641, 'detector': 'ZScoreDetector', 'threshold': 2.5, 'market_slug': 'will-trump-acquire-greenland-before-2027'}",,
867,will-trump-acquire-greenland-before-2027,2026-03-19 04:00:33+00:00,zscore_spike_manual,medium,"{'mode': 'manual_sql', 'price': 0.0725, 'window': 30, 'z_score': -3.5548351780203675, 'detector': 'ZScoreDetector', 'threshold': 2.5, 'market_slug': 'will-trump-acquire-greenland-before-2027'}",,
866,will-trump-acquire-greenland-before-2027,2026-03-19 03:00:41+00:00,zscore_spike_manual,medium,"{'mode': 'manual_sql', 'price': 0.0775, 'window': 30, 'z_score': -3.8051287773305655, 'detector': 'ZScoreDetector', 'threshold': 2.5, 'market_slug': 'will-trump-acquire-greenland-before-2027'}",,
865,will-trump-acquire-greenland-before-2027,2026-03-19 02:00:32+00:00,zscore_spike_manual,high,"{'mode': 'manual_sql', 'price': 0.0815, 'window': 30, 'z_score': -4.3266450652552155, 'detector': 'ZScoreDetector', 'threshold': 2.5, 'market_slug': 'will-trump-acquire-greenland-before-2027'}",,
864,will-trump-acquire-greenland-before-2027,2026-03-18 19:00:35+00:00,zscore_spike_manual,medium,"{'mode': 'manual_sql', 'price': 0.089, 'window': 30, 'z_score': -3.4435868697393213, 'detector': 'ZScoreDetector', 'threshold': 2.5, 'market_slug': 'will-trump-acquire-greenland-before-2027'}",,
863,will-trump-acquire-greenland-before-2027,2026-03-17 23:00:31+00:00,zscore_spike_manual,medium,"{'mode': 'manual_sql', 'price': 0.0965, 'window': 30, 'z_score': 2.529956575146204, 'detector': 'ZScoreDetector', 'threshold': 2.5, 'market_slug': 'will-trump-acquire-greenland-before-2027'}",,
766,what-will-happen-before-gta-vi,2026-03-17 11:00:27+00:00,zscore_spike_manual,medium,"{'mode': 'manual_sql', 'price': 0.55, 'window': 30, 'z_score': 2.552297994569857, 'detector': 'ZScoreDetector', 'threshold': 2.5, 'market_slug': 'what-will-happen-before-gta-vi'}",,
862,will-trump-acquire-greenland-before-2027,2026-03-16 13:00:31+00:00,zscore_spike_manual,medium,"{'mode': 'manual_sql', 'price': 0.0825, 'window': 30, 'z_score': -3.7063586314249655, 'detector': 'ZScoreDetector', 'threshold': 2.5, 'market_slug': 'will-trump-acquire-greenland-before-2027'}",,
861,will-trump-acquire-greenland-before-2027,2026-03-16 12:00:29+00:00,zscore_spike_manual,medium,"{'mode': 'manual_sql', 'price': 0.0865, 'window': 30, 'z_score': -3.09650537837175, 'detector': 'ZScoreDetector', 'threshold': 2.5, 'market_slug': 'will-trump-acquire-greenland-before-2027'}",,
860,will-trump-acquire-greenland-before-2027,2026-03-16 11:00:25+00:00,zscore_spike_manual,medium,"{'mode': 'manual_sql', 'price': 0.088, 'window': 30, 'z_score': -2.6011097668373764, 'detector': 'ZScoreDetector', 'threshold': 2.5, 'market_slug': 'will-trump-acquire-greenland-before-2027'}",,
765,what-will-happen-before-gta-vi,2026-03-15 11:00:22+00:00,zscore_spike_manual,medium,"{'mode': 'manual_sql', 'price': 0.52, 'window': 30, 'z_score': -1.75887202235488, 'detector': 'ZScoreDetector', 'threshold': 2.5, 'market_slug': 'what-will-happen-before-gta-vi'}",,
859,will-trump-acquire-greenland-before-2027,2026-03-15 10:00:35+00:00,zscore_spike_manual,medium,"{'mode': 'manual_sql', 'price': 0.093, 'window': 30, 'z_score': -2.1392445517608785, 'detector': 'ZScoreDetector', 'threshold': 2.5, 'market_slug': 'will-trump-acquire-greenland-before-2027'}",,
764,what-will-happen-before-gta-vi,2026-03-15 10:00:24+00:00,zscore_spike_manual,medium,"{'mode': 'manual_sql', 'price': 0.515, 'window': 30, 'z_score': -2.163406889309156, 'detector': 'ZScoreDetector', 'threshold': 2.5, 'market_slug': 'what-will-happen-before-gta-vi'}",,
858,will-trump-acquire-greenland-before-2027,2026-03-15 09:00:38+00:00,zscore_spike_manual,medium,"{'mode': 'manual_sql', 'price': 0.092, 'window': 30, 'z_score': -2.7609756805101258, 'detector': 'ZScoreDetector', 'threshold': 2.5, 'market_slug': 'will-trump-acquire-greenland-before-2027'}",,
857,will-trump-acquire-greenland-before-2027,2026-03-15 08:00:29+00:00,zscore_spike_manual,medium,"{'mode': 'manual_sql', 'price': 0.0925, 'window': 30, 'z_score': -3.154943425273906, 'detector': 'ZScoreDetector', 'threshold': 2.5, 'market_slug': 'will-trump-acquire-greenland-before-2027'}",,
856,will-trump-acquire-greenland-before-2027,2026-03-15 07:00:27+00:00,zscore_spike_manual,medium,"{'mode': 'manual_sql', 'price': 0.0945, 'window': 30, 'z_score': -3.0893065813214196, 'detector': 'ZScoreDetector', 'threshold': 2.5, 'market_slug': 'will-trump-acquire-greenland-before-2027'}",,
855,will-trump-acquire-greenland-before-2027,2026-03-15 02:00:29+00:00,zscore_spike_manual,medium,"{'mode': 'manual_sql', 'price': 0.097, 'window': 30, 'z_score': -3.5361056529216044, 'detector': 'ZScoreDetector', 'threshold': 2.5, 'market_slug': 'will-trump-acquire-greenland-before-2027'}",,
854,will-trump-acquire-greenland-before-2027,2026-03-15 01:00:27+00:00,zscore_spike_manual,high,"{'mode': 'manual_sql', 'price': 0.0975, 'window': 30, 'z_score': -4.374323170091177, 'detector': 'ZScoreDetector', 'threshold': 2.5, 'market_slug': 'will-trump-acquire-greenland-before-2027'}",,
853,will-trump-acquire-greenland-before-2027,2026-03-15 00:00:42+00:00,zscore_spike_manual,high,"{'mode': 'manual_sql', 'price': 0.0995, 'window': 30, 'z_score': -4.328042380222089, 'detector': 'ZScoreDetector', 'threshold': 2.5, 'market_slug': 'will-trump-acquire-greenland-before-2027'}",,
763,what-will-happen-before-gta-vi,2026-03-14 19:00:23+00:00,zscore_spike_manual,medium,"{'mode': 'manual_sql', 'price': 0.535, 'window': 30, 'z_score': -1.6005753292484002, 'detector': 'ZScoreDetector', 'threshold': 2.5, 'market_slug': 'what-will-happen-before-gta-vi'}",,
762,what-will-happen-before-gta-vi,2026-03-14 18:00:25+00:00,zscore_spike_manual,medium,"{'mode': 'manual_sql', 'price': 0.535, 'window': 30, 'z_score': -1.7464793936165899, 'detector': 'ZScoreDetector', 'threshold': 2.5, 'market_slug': 'what-will-happen-before-gta-vi'}",,
761,what-will-happen-before-gta-vi,2026-03-14 17:00:32+00:00,zscore_spike_manual,medium,"{'mode': 'manual_sql', 'price': 0.535, 'window': 30, 'z_score': -1.9223636821290375, 'detector': 'ZScoreDetector', 'threshold': 2.5, 'market_slug': 'what-will-happen-before-gta-vi'}",,
760,what-will-happen-before-gta-vi,2026-03-14 16:00:26+00:00,zscore_spike_manual,medium,"{'mode': 'manual_sql', 'price': 0.54, 'window': 30, 'z_score': -1.920347661024582, 'detector': 'ZScoreDetector', 'threshold': 2.5, 'market_slug': 'what-will-happen-before-gta-vi'}",,
759,what-will-happen-before-gta-vi,2026-03-14 14:00:26+00:00,zscore_spike_manual,medium,"{'mode': 'manual_sql', 'price': 0.535, 'window': 30, 'z_score': -2.623040591229729, 'detector': 'ZScoreDetector', 'threshold': 2.5, 'market_slug': 'what-will-happen-before-gta-vi'}",,
758,what-will-happen-before-gta-vi,2026-03-14 13:00:27+00:00,zscore_spike_manual,medium,"{'mode': 'manual_sql', 'price': 0.535, 'window': 30, 'z_score': -3.128968567025731, 'detector': 'ZScoreDetector', 'threshold': 2.5, 'market_slug': 'what-will-happen-before-gta-vi'}",,
757,what-will-happen-before-gta-vi,2026-03-14 12:00:32+00:00,zscore_spike_manual,medium,"{'mode': 'manual_sql', 'price': 0.535, 'window': 30, 'z_score': -3.9770151946317154, 'detector': 'ZScoreDetector', 'threshold': 2.5, 'market_slug': 'what-will-happen-before-gta-vi'}",,
756,what-will-happen-before-gta-vi,2026-03-13 19:00:28+00:00,zscore_spike_manual,medium,"{'mode': 'manual_sql', 'price': 0.605, 'window': 30, 'z_score': 1.444718271620471, 'detector': 'ZScoreDetector', 'threshold': 2.5, 'market_slug': 'what-will-happen-before-gta-vi'}",,
755,what-will-happen-before-gta-vi,2026-03-13 15:00:29+00:00,zscore_spike_manual,medium,"{'mode': 'manual_sql', 'price': 0.605, 'window': 30, 'z_score': 1.7777273962747824, 'detector': 'ZScoreDetector', 'threshold': 2.5, 'market_slug': 'what-will-happen-before-gta-vi'}",,
754,what-will-happen-before-gta-vi,2026-03-13 14:00:27+00:00,zscore_spike_manual,medium,"{'mode': 'manual_sql', 'price': 0.605, 'window': 30, 'z_score': 1.9608781495602436, 'detector': 'ZScoreDetector', 'threshold': 2.5, 'market_slug': 'what-will-happen-before-gta-vi'}",,
852,will-trump-acquire-greenland-before-2027,2026-03-13 09:00:48+00:00,zscore_spike_manual,medium,"{'mode': 'manual_sql', 'price': 0.1015, 'window': 30, 'z_score': -1.6248131533678811, 'detector': 'ZScoreDetector', 'threshold': 2.5, 'market_slug': 'will-trump-acquire-greenland-before-2027'}",,
753,what-will-happen-before-gta-vi,2026-03-13 09:00:30+00:00,zscore_spike_manual,medium,"{'mode': 'manual_sql', 'price': 0.595, 'window': 30, 'z_score': 1.792009886978655, 'detector': 'ZScoreDetector', 'threshold': 2.5, 'market_slug': 'what-will-happen-before-gta-vi'}",,
752,what-will-happen-before-gta-vi,2026-03-13 08:00:23+00:00,zscore_spike_manual,medium,"{'mode': 'manual_sql', 'price': 0.595, 'window': 30, 'z_score': 1.9722557297364556, 'detector': 'ZScoreDetector', 'threshold': 2.5, 'market_slug': 'what-will-happen-before-gta-vi'}",,
751,what-will-happen-before-gta-vi,2026-03-13 07:00:33+00:00,zscore_spike_manual,medium,"{'mode': 'manual_sql', 'price': 0.605, 'window': 30, 'z_score': 3.2977264895689307, 'detector': 'ZScoreDetector', 'threshold': 2.5, 'market_slug': 'what-will-happen-before-gta-vi'}",,
750,what-will-happen-before-gta-vi,2026-03-13 06:00:29+00:00,zscore_spike_manual,high,"{'mode': 'manual_sql', 'price': 0.605, 'window': 30, 'z_score': 4.356603322954993, 'detector': 'ZScoreDetector', 'threshold': 2.5, 'market_slug': 'what-will-happen-before-gta-vi'}",,
851,will-trump-acquire-greenland-before-2027,2026-03-13 03:00:46+00:00,zscore_spike_manual,medium,"{'mode': 'manual_sql', 'price': 0.1025, 'window': 30, 'z_score': -1.7557407859125982, 'detector': 'ZScoreDetector', 'threshold': 2.5, 'market_slug': 'will-trump-acquire-greenland-before-2027'}",,
850,will-trump-acquire-greenland-before-2027,2026-03-13 02:00:36+00:00,zscore_spike_manual,medium,"{'mode': 'manual_sql', 'price': 0.1025, 'window': 30, 'z_score': -1.9245470394679312, 'detector': 'ZScoreDetector', 'threshold': 2.5, 'market_slug': 'will-trump-acquire-greenland-before-2027'}",,
849,will-trump-acquire-greenland-before-2027,2026-03-13 01:00:36+00:00,zscore_spike_manual,medium,"{'mode': 'manual_sql', 'price': 0.102, 'window': 30, 'z_score': -2.3382469936373713, 'detector': 'ZScoreDetector', 'threshold': 2.5, 'market_slug': 'will-trump-acquire-greenland-before-2027'}",,
848,will-trump-acquire-greenland-before-2027,2026-03-12 23:00:40+00:00,zscore_spike_manual,medium,"{'mode': 'manual_sql', 'price': 0.103, 'window': 30, 'z_score': -2.232527801964374, 'detector': 'ZScoreDetector', 'threshold': 2.5, 'market_slug': 'will-trump-acquire-greenland-before-2027'}",,
847,will-trump-acquire-greenland-before-2027,2026-03-12 20:00:39+00:00,zscore_spike_manual,medium,"{'mode': 'manual_sql', 'price': 0.104, 'window': 30, 'z_score': -2.4209170082514904, 'detector': 'ZScoreDetector', 'threshold': 2.5, 'market_slug': 'will-trump-acquire-greenland-before-2027'}",,
846,will-trump-acquire-greenland-before-2027,2026-03-12 16:00:36+00:00,zscore_spike_manual,medium,"{'mode': 'manual_sql', 'price': 0.1045, 'window': 30, 'z_score': -3.088209761787662, 'detector': 'ZScoreDetector', 'threshold': 2.5, 'market_slug': 'will-trump-acquire-greenland-before-2027'}",,
749,what-will-happen-before-gta-vi,2026-03-11 17:00:33+00:00,zscore_spike_manual,medium,"{'mode': 'manual_sql', 'price': 0.585, 'window': 30, 'z_score': 2.521834475699586, 'detector': 'ZScoreDetector', 'threshold': 2.5, 'market_slug': 'what-will-happen-before-gta-vi'}",,
748,what-will-happen-before-gta-vi,2026-03-11 16:00:27+00:00,zscore_spike_manual,medium,"{'mode': 'manual_sql', 'price': 0.585, 'window': 30, 'z_score': 2.9716377017844176, 'detector': 'ZScoreDetector', 'threshold': 2.5, 'market_slug': 'what-will-happen-before-gta-vi'}",,
747,what-will-happen-before-gta-vi,2026-03-11 15:00:35+00:00,zscore_spike_manual,medium,"{'mode': 'manual_sql', 'price': 0.585, 'window': 30, 'z_score': 2.9685692009462534, 'detector': 'ZScoreDetector', 'threshold': 2.5, 'market_slug': 'what-will-happen-before-gta-vi'}",,
845,will-trump-acquire-greenland-before-2027,2026-03-09 22:00:28+00:00,zscore_spike_manual,medium,"{'mode': 'manual_sql', 'price': 0.1085, 'window': 30, 'z_score': -2.565913826400528, 'detector': 'ZScoreDetector', 'threshold': 2.5, 'market_slug': 'will-trump-acquire-greenland-before-2027'}",,
844,will-trump-acquire-greenland-before-2027,2026-03-09 20:00:29+00:00,zscore_spike_manual,medium,"{'mode': 'manual_sql', 'price': 0.1095, 'window': 30, 'z_score': -2.5544079548896947, 'detector': 'ZScoreDetector', 'threshold': 2.5, 'market_slug': 'will-trump-acquire-greenland-before-2027'}",,
746,what-will-happen-before-gta-vi,2026-03-09 17:00:25+00:00,zscore_spike_manual,medium,"{'mode': 'manual_sql', 'price': 0.575, 'window': 30, 'z_score': 2.5765486549563734, 'detector': 'ZScoreDetector', 'threshold': 2.5, 'market_slug': 'what-will-happen-before-gta-vi'}",,
745,what-will-happen-before-gta-vi,2026-03-09 15:00:22+00:00,zscore_spike_manual,medium,"{'mode': 'manual_sql', 'price': 0.57, 'window': 30, 'z_score': 2.600663339589495, 'detector': 'ZScoreDetector', 'threshold': 2.5, 'market_slug': 'what-will-happen-before-gta-vi'}",,
843,will-trump-acquire-greenland-before-2027,2026-03-09 14:00:25+00:00,zscore_spike_manual,medium,"{'mode': 'manual_sql', 'price': 0.1105, 'window': 30, 'z_score': -2.731175129007599, 'detector': 'ZScoreDetector', 'threshold': 2.5, 'market_slug': 'will-trump-acquire-greenland-before-2027'}",,
842,will-trump-acquire-greenland-before-2027,2026-03-09 12:00:35+00:00,zscore_spike_manual,medium,"{'mode': 'manual_sql', 'price': 0.1105, 'window': 30, 'z_score': -3.518961913510532, 'detector': 'ZScoreDetector', 'threshold': 2.5, 'market_slug': 'will-trump-acquire-greenland-before-2027'}",,
841,will-trump-acquire-greenland-before-2027,2026-03-08 13:00:26+00:00,zscore_spike_manual,medium,"{'mode': 'manual_sql', 'price': 0.1135, 'window': 30, 'z_score': 1.5379491222577515, 'detector': 'ZScoreDetector', 'threshold': 2.5, 'market_slug': 'will-trump-acquire-greenland-before-2027'}",,
744,what-will-happen-before-gta-vi,2026-03-08 09:00:25+00:00,zscore_spike_manual,medium,"{'mode': 'manual_sql', 'price': 0.535, 'window': 30, 'z_score': -2.718405255877431, 'detector': 'ZScoreDetector', 'threshold': 2.5, 'market_slug': 'what-will-happen-before-gta-vi'}",,
743,what-will-happen-before-gta-vi,2026-03-08 08:00:21+00:00,zscore_spike_manual,medium,"{'mode': 'manual_sql', 'price': 0.54, 'window': 30, 'z_score': -2.8501314530600936, 'detector': 'ZScoreDetector', 'threshold': 2.5, 'market_slug': 'what-will-happen-before-gta-vi'}",,
742,what-will-happen-before-gta-vi,2026-03-08 07:00:24+00:00,zscore_spike_manual,medium,"{'mode': 'manual_sql', 'price': 0.54, 'window': 30, 'z_score': -3.4714492154304373, 'detector': 'ZScoreDetector', 'threshold': 2.5, 'market_slug': 'what-will-happen-before-gta-vi'}",,
741,what-will-happen-before-gta-vi,2026-03-08 06:00:26+00:00,zscore_spike_manual,medium,"{'mode': 'manual_sql', 'price': 0.55, 'window': 30, 'z_score': -3.414420731771019, 'detector': 'ZScoreDetector', 'threshold': 2.5, 'market_slug': 'what-will-happen-before-gta-vi'}",,
840,will-trump-acquire-greenland-before-2027,2026-03-07 05:00:33+00:00,zscore_spike_manual,medium,"{'mode': 'manual_sql', 'price': 0.109, 'window': 30, 'z_score': -2.794224813380347, 'detector': 'ZScoreDetector', 'threshold': 2.5, 'market_slug': 'will-trump-acquire-greenland-before-2027'}",,
839,will-trump-acquire-greenland-before-2027,2026-03-07 02:00:29+00:00,zscore_spike_manual,medium,"{'mode': 'manual_sql', 'price': 0.1095, 'window': 30, 'z_score': -2.9581768603840337, 'detector': 'ZScoreDetector', 'threshold': 2.5, 'market_slug': 'will-trump-acquire-greenland-before-2027'}",,
740,what-will-happen-before-gta-vi,2026-03-07 00:00:33+00:00,zscore_spike_manual,medium,"{'mode': 'manual_sql', 'price': 0.585, 'window': 30, 'z_score': 2.534370598395916, 'detector': 'ZScoreDetector', 'threshold': 2.5, 'market_slug': 'what-will-happen-before-gta-vi'}",,
739,what-will-happen-before-gta-vi,2026-03-06 22:00:22+00:00,zscore_spike_manual,medium,"{'mode': 'manual_sql', 'price': 0.58, 'window': 30, 'z_score': 2.6661742956978736, 'detector': 'ZScoreDetector', 'threshold': 2.5, 'market_slug': 'what-will-happen-before-gta-vi'}",,
738,what-will-happen-before-gta-vi,2026-03-06 05:00:34+00:00,zscore_spike_manual,medium,"{'mode': 'manual_sql', 'price': 0.535, 'window': 30, 'z_score': -1.5941419041429932, 'detector': 'ZScoreDetector', 'threshold': 2.5, 'market_slug': 'what-will-happen-before-gta-vi'}",,
737,what-will-happen-before-gta-vi,2026-03-06 04:00:24+00:00,zscore_spike_manual,medium,"{'mode': 'manual_sql', 'price': 0.535, 'window': 30, 'z_score': -1.7388749853786591, 'detector': 'ZScoreDetector', 'threshold': 2.5, 'market_slug': 'what-will-happen-before-gta-vi'}",,
736,what-will-happen-before-gta-vi,2026-03-06 02:00:24+00:00,zscore_spike_manual,medium,"{'mode': 'manual_sql', 'price': 0.54, 'window': 30, 'z_score': -1.7335824291647617, 'detector': 'ZScoreDetector', 'threshold': 2.5, 'market_slug': 'what-will-happen-before-gta-vi'}",,
735,what-will-happen-before-gta-vi,2026-03-06 01:00:26+00:00,zscore_spike_manual,medium,"{'mode': 'manual_sql', 'price': 0.54, 'window': 30, 'z_score': -1.9066834533096186, 'detector': 'ZScoreDetector', 'threshold': 2.5, 'market_slug': 'what-will-happen-before-gta-vi'}",,
734,what-will-happen-before-gta-vi,2026-03-06 00:00:29+00:00,zscore_spike_manual,medium,"{'mode': 'manual_sql', 'price': 0.54, 'window': 30, 'z_score': -2.1220826631256338, 'detector': 'ZScoreDetector', 'threshold': 2.5, 'market_slug': 'what-will-happen-before-gta-vi'}",,
733,what-will-happen-before-gta-vi,2026-03-05 20:00:39+00:00,zscore_spike_manual,medium,"{'mode': 'manual_sql', 'price': 0.535, 'window': 30, 'z_score': -3.333704862522382, 'detector': 'ZScoreDetector', 'threshold': 2.5, 'market_slug': 'what-will-happen-before-gta-vi'}",,
732,what-will-happen-before-gta-vi,2026-03-05 19:00:22+00:00,zscore_spike_manual,medium,"{'mode': 'manual_sql', 'price': 0.55, 'window': 30, 'z_score': -3.0872333752506753, 'detector': 'ZScoreDetector', 'threshold': 2.5, 'market_slug': 'what-will-happen-before-gta-vi'}",,
731,what-will-happen-before-gta-vi,2026-03-05 18:00:26+00:00,zscore_spike_manual,high,"{'mode': 'manual_sql', 'price': 0.545, 'window': 30, 'z_score': -4.482720808538934, 'detector': 'ZScoreDetector', 'threshold': 2.5, 'market_slug': 'what-will-happen-before-gta-vi'}",,
730,what-will-happen-before-gta-vi,2026-03-05 09:00:22+00:00,zscore_spike_manual,medium,"{'mode': 'manual_sql', 'price': 0.575, 'window': 30, 'z_score': -2.574601217389041, 'detector': 'ZScoreDetector', 'threshold': 2.5, 'market_slug': 'what-will-happen-before-gta-vi'}",,
838,will-trump-acquire-greenland-before-2027,2026-03-04 20:00:43+00:00,zscore_spike_manual,medium,"{'mode': 'manual_sql', 'price': 0.1105, 'window': 30, 'z_score': -3.3483339448435263, 'detector': 'ZScoreDetector', 'threshold': 2.5, 'market_slug': 'will-trump-acquire-greenland-before-2027'}",,
837,will-trump-acquire-greenland-before-2027,2026-03-04 19:00:34+00:00,zscore_spike_manual,medium,"{'mode': 'manual_sql', 'price': 0.1115, 'window': 30, 'z_score': -3.3145189750618917, 'detector': 'ZScoreDetector', 'threshold': 2.5, 'market_slug': 'will-trump-acquire-greenland-before-2027'}",,
836,will-trump-acquire-greenland-before-2027,2026-03-04 18:00:38+00:00,zscore_spike_manual,medium,"{'mode': 'manual_sql', 'price': 0.112, 'window': 30, 'z_score': -3.5867994881750542, 'detector': 'ZScoreDetector', 'threshold': 2.5, 'market_slug': 'will-trump-acquire-greenland-before-2027'}",,
835,will-trump-acquire-greenland-before-2027,2026-03-03 11:00:44+00:00,zscore_spike_manual,medium,"{'mode': 'manual_sql', 'price': 0.1155, 'window': 30, 'z_score': 3.162466334591905, 'detector': 'ZScoreDetector', 'threshold': 2.5, 'market_slug': 'will-trump-acquire-greenland-before-2027'}",,
834,will-trump-acquire-greenland-before-2027,2026-03-03 09:00:36+00:00,zscore_spike_manual,medium,"{'mode': 'manual_sql', 'price': 0.1135, 'window': 30, 'z_score': 2.539029474401436, 'detector': 'ZScoreDetector', 'threshold': 2.5, 'market_slug': 'will-trump-acquire-greenland-before-2027'}",,
833,will-trump-acquire-greenland-before-2027,2026-03-03 05:00:31+00:00,zscore_spike_manual,medium,"{'mode': 'manual_sql', 'price': 0.1125, 'window': 30, 'z_score': 2.655501344191087, 'detector': 'ZScoreDetector', 'threshold': 2.5, 'market_slug': 'will-trump-acquire-greenland-before-2027'}",,
729,what-will-happen-before-gta-vi,2026-03-03 01:00:23+00:00,zscore_spike_manual,medium,"{'mode': 'manual_sql', 'price': 0.555, 'window': 30, 'z_score': -2.0096663656748444, 'detector': 'ZScoreDetector', 'threshold': 2.5, 'market_slug': 'what-will-happen-before-gta-vi'}",,
728,what-will-happen-before-gta-vi,2026-03-03 00:00:30+00:00,zscore_spike_manual,medium,"{'mode': 'manual_sql', 'price': 0.555, 'window': 30, 'z_score': -2.2501191754290777, 'detector': 'ZScoreDetector', 'threshold': 2.5, 'market_slug': 'what-will-happen-before-gta-vi'}",,
832,will-trump-acquire-greenland-before-2027,2026-03-01 17:00:31+00:00,zscore_spike_manual,medium,"{'mode': 'manual_sql', 'price': 0.108, 'window': 30, 'z_score': -1.682484407663316, 'detector': 'ZScoreDetector', 'threshold': 2.5, 'market_slug': 'will-trump-acquire-greenland-before-2027'}",,
831,will-trump-acquire-greenland-before-2027,2026-03-01 01:00:36+00:00,zscore_spike_manual,medium,"{'mode': 'manual_sql', 'price': 0.119, 'window': 30, 'z_score': 2.121573499517979, 'detector': 'ZScoreDetector', 'threshold': 2.5, 'market_slug': 'will-trump-acquire-greenland-before-2027'}",,
830,will-trump-acquire-greenland-before-2027,2026-03-01 00:00:59+00:00,zscore_spike_manual,medium,"{'mode': 'manual_sql', 'price': 0.119, 'window': 30, 'z_score': 2.4020844940218278, 'detector': 'ZScoreDetector', 'threshold': 2.5, 'market_slug': 'will-trump-acquire-greenland-before-2027'}",,
727,what-will-happen-before-gta-vi,2026-02-28 21:00:28+00:00,zscore_spike_manual,medium,"{'mode': 'manual_sql', 'price': 0.565, 'window': 30, 'z_score': -2.935431206631924, 'detector': 'ZScoreDetector', 'threshold': 2.5, 'market_slug': 'what-will-happen-before-gta-vi'}",,
726,what-will-happen-before-gta-vi,2026-02-28 20:00:26+00:00,zscore_spike_manual,medium,"{'mode': 'manual_sql', 'price': 0.565, 'window': 30, 'z_score': -3.6418603759559875, 'detector': 'ZScoreDetector', 'threshold': 2.5, 'market_slug': 'what-will-happen-before-gta-vi'}",,
829,will-trump-acquire-greenland-before-2027,2026-02-28 09:00:56+00:00,zscore_spike_manual,medium,"{'mode': 'manual_sql', 'price': 0.1175, 'window': 30, 'z_score': 2.6429048860225746, 'detector': 'ZScoreDetector', 'threshold': 2.5, 'market_slug': 'will-trump-acquire-greenland-before-2027'}",,
828,will-trump-acquire-greenland-before-2027,2026-02-28 08:00:41+00:00,zscore_spike_manual,high,"{'mode': 'manual_sql', 'price': 0.119, 'window': 30, 'z_score': 4.38354482527375, 'detector': 'ZScoreDetector', 'threshold': 2.5, 'market_slug': 'will-trump-acquire-greenland-before-2027'}",,
827,will-trump-acquire-greenland-before-2027,2026-02-28 07:00:35+00:00,zscore_spike_manual,medium,"{'mode': 'manual_sql', 'price': 0.116, 'window': 30, 'z_score': 3.713432310505249, 'detector': 'ZScoreDetector', 'threshold': 2.5, 'market_slug': 'will-trump-acquire-greenland-before-2027'}",,
725,what-will-happen-before-gta-vi,2026-02-25 22:00:20+00:00,zscore_spike_manual,medium,"{'mode': 'manual_sql', 'price': 0.555, 'window': 30, 'z_score': -2.6948519371808723, 'detector': 'ZScoreDetector', 'threshold': 2.5, 'market_slug': 'what-will-happen-before-gta-vi'}",,
724,what-will-happen-before-gta-vi,2026-02-25 21:00:23+00:00,zscore_spike_manual,medium,"{'mode': 'manual_sql', 'price': 0.555, 'window': 30, 'z_score': -3.0851172940350224, 'detector': 'ZScoreDetector', 'threshold': 2.5, 'market_slug': 'what-will-happen-before-gta-vi'}",,
723,what-will-happen-before-gta-vi,2026-02-24 00:00:23+00:00,zscore_spike_manual,medium,"{'mode': 'manual_sql', 'price': 0.585, 'window': 30, 'z_score': 2.6103296991423055, 'detector': 'ZScoreDetector', 'threshold': 2.5, 'market_slug': 'what-will-happen-before-gta-vi'}",,
826,will-trump-acquire-greenland-before-2027,2026-02-23 18:00:46+00:00,zscore_spike_manual,medium,"{'mode': 'manual_sql', 'price': 0.1105, 'window': 30, 'z_score': 2.8918741931494614, 'detector': 'ZScoreDetector', 'threshold': 2.5, 'market_slug': 'will-trump-acquire-greenland-before-2027'}",,
722,what-will-happen-before-gta-vi,2026-02-22 23:00:19+00:00,zscore_spike_manual,medium,"{'mode': 'manual_sql', 'price': 0.565, 'window': 30, 'z_score': -2.7575288400311173, 'detector': 'ZScoreDetector', 'threshold': 2.5, 'market_slug': 'what-will-happen-before-gta-vi'}",,
825,will-trump-acquire-greenland-before-2027,2026-02-22 12:00:40+00:00,zscore_spike_manual,medium,"{'mode': 'manual_sql', 'price': 0.1055, 'window': 30, 'z_score': -1.8262375680257705, 'detector': 'ZScoreDetector', 'threshold': 2.5, 'market_slug': 'will-trump-acquire-greenland-before-2027'}",,
824,will-trump-acquire-greenland-before-2027,2026-02-22 11:00:26+00:00,zscore_spike_manual,medium,"{'mode': 'manual_sql', 'price': 0.1055, 'window': 30, 'z_score': -1.942969671941405, 'detector': 'ZScoreDetector', 'threshold': 2.5, 'market_slug': 'will-trump-acquire-greenland-before-2027'}",,
823,will-trump-acquire-greenland-before-2027,2026-02-22 10:00:26+00:00,zscore_spike_manual,medium,"{'mode': 'manual_sql', 'price': 0.1045, 'window': 30, 'z_score': -2.5125535158617223, 'detector': 'ZScoreDetector', 'threshold': 2.5, 'market_slug': 'will-trump-acquire-greenland-before-2027'}",,
822,will-trump-acquire-greenland-before-2027,2026-02-22 09:00:30+00:00,zscore_spike_manual,medium,"{'mode': 'manual_sql', 'price': 0.106, 'window': 30, 'z_score': -2.0426506630170946, 'detector': 'ZScoreDetector', 'threshold': 2.5, 'market_slug': 'will-trump-acquire-greenland-before-2027'}",,
821,will-trump-acquire-greenland-before-2027,2026-02-22 08:00:30+00:00,zscore_spike_manual,medium,"{'mode': 'manual_sql', 'price': 0.1065, 'window': 30, 'z_score': -1.967797910169471, 'detector': 'ZScoreDetector', 'threshold': 2.5, 'market_slug': 'will-trump-acquire-greenland-before-2027'}",,
820,will-trump-acquire-greenland-before-2027,2026-02-22 07:00:49+00:00,zscore_spike_manual,medium,"{'mode': 'manual_sql', 'price': 0.107, 'window': 30, 'z_score': -1.8806426402511423, 'detector': 'ZScoreDetector', 'threshold': 2.5, 'market_slug': 'will-trump-acquire-greenland-before-2027'}",,
819,will-trump-acquire-greenland-before-2027,2026-02-22 05:00:24+00:00,zscore_spike_manual,medium,"{'mode': 'manual_sql', 'price': 0.108, 'window': 30, 'z_score': -1.6090704802612301, 'detector': 'ZScoreDetector', 'threshold': 2.5, 'market_slug': 'will-trump-acquire-greenland-before-2027'}",,
818,will-trump-acquire-greenland-before-2027,2026-02-21 21:00:32+00:00,zscore_spike_manual,medium,"{'mode': 'manual_sql', 'price': 0.109, 'window': 30, 'z_score': -1.6756569638532637, 'detector': 'ZScoreDetector', 'threshold': 2.5, 'market_slug': 'will-trump-acquire-greenland-before-2027'}",,
817,will-trump-acquire-greenland-before-2027,2026-02-21 20:00:31+00:00,zscore_spike_manual,medium,"{'mode': 'manual_sql', 'price': 0.109, 'window': 30, 'z_score': -1.8364004318483915, 'detector': 'ZScoreDetector', 'threshold': 2.5, 'market_slug': 'will-trump-acquire-greenland-before-2027'}",,
816,will-trump-acquire-greenland-before-2027,2026-02-21 19:00:31+00:00,zscore_spike_manual,medium,"{'mode': 'manual_sql', 'price': 0.109, 'window': 30, 'z_score': -2.031766251738681, 'detector': 'ZScoreDetector', 'threshold': 2.5, 'market_slug': 'will-trump-acquire-greenland-before-2027'}",,
815,will-trump-acquire-greenland-before-2027,2026-02-21 18:00:30+00:00,zscore_spike_manual,medium,"{'mode': 'manual_sql', 'price': 0.109, 'window': 30, 'z_score': -2.2716626182419715, 'detector': 'ZScoreDetector', 'threshold': 2.5, 'market_slug': 'will-trump-acquire-greenland-before-2027'}",,
814,will-trump-acquire-greenland-before-2027,2026-02-21 17:00:38+00:00,zscore_spike_manual,medium,"{'mode': 'manual_sql', 'price': 0.1105, 'window': 30, 'z_score': -1.581327931645707, 'detector': 'ZScoreDetector', 'threshold': 2.5, 'market_slug': 'will-trump-acquire-greenland-before-2027'}",,
813,will-trump-acquire-greenland-before-2027,2026-02-21 16:00:25+00:00,zscore_spike_manual,medium,"{'mode': 'manual_sql', 'price': 0.1105, 'window': 30, 'z_score': -1.7164008115917173, 'detector': 'ZScoreDetector', 'threshold': 2.5, 'market_slug': 'will-trump-acquire-greenland-before-2027'}",,
812,will-trump-acquire-greenland-before-2027,2026-02-21 13:00:32+00:00,zscore_spike_manual,medium,"{'mode': 'manual_sql', 'price': 0.111, 'window': 30, 'z_score': -1.6044375572707572, 'detector': 'ZScoreDetector', 'threshold': 2.5, 'market_slug': 'will-trump-acquire-greenland-before-2027'}",,
721,what-will-happen-before-gta-vi,2026-02-21 13:00:22+00:00,zscore_spike_manual,medium,"{'mode': 'manual_sql', 'price': 0.565, 'window': 30, 'z_score': -2.501816508399875, 'detector': 'ZScoreDetector', 'threshold': 2.5, 'market_slug': 'what-will-happen-before-gta-vi'}",,
811,will-trump-acquire-greenland-before-2027,2026-02-21 12:00:33+00:00,zscore_spike_manual,medium,"{'mode': 'manual_sql', 'price': 0.1115, 'window': 30, 'z_score': -1.34035753342167, 'detector': 'ZScoreDetector', 'threshold': 2.5, 'market_slug': 'will-trump-acquire-greenland-before-2027'}",,
720,what-will-happen-before-gta-vi,2026-02-21 12:00:21+00:00,zscore_spike_manual,medium,"{'mode': 'manual_sql', 'price': 0.565, 'window': 30, 'z_score': -2.9354312066319412, 'detector': 'ZScoreDetector', 'threshold': 2.5, 'market_slug': 'what-will-happen-before-gta-vi'}",,
810,will-trump-acquire-greenland-before-2027,2026-02-21 11:00:34+00:00,zscore_spike_manual,medium,"{'mode': 'manual_sql', 'price': 0.111, 'window': 30, 'z_score': -1.7937650824274318, 'detector': 'ZScoreDetector', 'threshold': 2.5, 'market_slug': 'will-trump-acquire-greenland-before-2027'}",,
809,will-trump-acquire-greenland-before-2027,2026-02-21 10:00:26+00:00,zscore_spike_manual,medium,"{'mode': 'manual_sql', 'price': 0.111, 'window': 30, 'z_score': -1.9784647536731899, 'detector': 'ZScoreDetector', 'threshold': 2.5, 'market_slug': 'will-trump-acquire-greenland-before-2027'}",,
808,will-trump-acquire-greenland-before-2027,2026-02-21 09:00:30+00:00,zscore_spike_manual,medium,"{'mode': 'manual_sql', 'price': 0.1105, 'window': 30, 'z_score': -2.574601217387661, 'detector': 'ZScoreDetector', 'threshold': 2.5, 'market_slug': 'will-trump-acquire-greenland-before-2027'}",,
807,will-trump-acquire-greenland-before-2027,2026-02-21 08:00:25+00:00,zscore_spike_manual,medium,"{'mode': 'manual_sql', 'price': 0.111, 'window': 30, 'z_score': -2.491408393550559, 'detector': 'ZScoreDetector', 'threshold': 2.5, 'market_slug': 'will-trump-acquire-greenland-before-2027'}",,
806,will-trump-acquire-greenland-before-2027,2026-02-21 07:00:25+00:00,zscore_spike_manual,medium,"{'mode': 'manual_sql', 'price': 0.112, 'window': 30, 'z_score': -1.9429696719417793, 'detector': 'ZScoreDetector', 'threshold': 2.5, 'market_slug': 'will-trump-acquire-greenland-before-2027'}",,
805,will-trump-acquire-greenland-before-2027,2026-02-20 23:00:24+00:00,zscore_spike_manual,medium,"{'mode': 'manual_sql', 'price': 0.113, 'window': 30, 'z_score': -1.2685504469702455, 'detector': 'ZScoreDetector', 'threshold': 2.5, 'market_slug': 'will-trump-acquire-greenland-before-2027'}",,
804,will-trump-acquire-greenland-before-2027,2026-02-20 14:00:21+00:00,zscore_spike_manual,medium,"{'mode': 'manual_sql', 'price': 0.113, 'window': 30, 'z_score': -1.707649402540327, 'detector': 'ZScoreDetector', 'threshold': 2.5, 'market_slug': 'will-trump-acquire-greenland-before-2027'}",,
803,will-trump-acquire-greenland-before-2027,2026-02-20 13:00:45+00:00,zscore_spike_manual,medium,"{'mode': 'manual_sql', 'price': 0.1125, 'window': 30, 'z_score': -2.4194922429482304, 'detector': 'ZScoreDetector', 'threshold': 2.5, 'market_slug': 'will-trump-acquire-greenland-before-2027'}",,
802,will-trump-acquire-greenland-before-2027,2026-02-20 12:00:30+00:00,zscore_spike_manual,medium,"{'mode': 'manual_sql', 'price': 0.113, 'window': 30, 'z_score': -2.2064436957211986, 'detector': 'ZScoreDetector', 'threshold': 2.5, 'market_slug': 'will-trump-acquire-greenland-before-2027'}",,
801,will-trump-acquire-greenland-before-2027,2026-02-20 11:00:23+00:00,zscore_spike_manual,medium,"{'mode': 'manual_sql', 'price': 0.113, 'window': 30, 'z_score': -2.515698795853994, 'detector': 'ZScoreDetector', 'threshold': 2.5, 'market_slug': 'will-trump-acquire-greenland-before-2027'}",,
800,will-trump-acquire-greenland-before-2027,2026-02-20 10:00:22+00:00,zscore_spike_manual,medium,"{'mode': 'manual_sql', 'price': 0.1125, 'window': 30, 'z_score': -3.72626962992695, 'detector': 'ZScoreDetector', 'threshold': 2.5, 'market_slug': 'will-trump-acquire-greenland-before-2027'}",,
799,will-trump-acquire-greenland-before-2027,2026-02-20 09:00:33+00:00,zscore_spike_manual,high,"{'mode': 'manual_sql', 'price': 0.113, 'window': 30, 'z_score': -4.346931865634208, 'detector': 'ZScoreDetector', 'threshold': 2.5, 'market_slug': 'will-trump-acquire-greenland-before-2027'}",,
798,will-trump-acquire-greenland-before-2027,2026-02-20 08:00:22+00:00,zscore_spike_manual,medium,"{'mode': 'manual_sql', 'price': 0.1155, 'window': 30, 'z_score': 1.5703459474199077, 'detector': 'ZScoreDetector', 'threshold': 2.5, 'market_slug': 'will-trump-acquire-greenland-before-2027'}",,
797,will-trump-acquire-greenland-before-2027,2026-02-20 07:00:21+00:00,zscore_spike_manual,medium,"{'mode': 'manual_sql', 'price': 0.1155, 'window': 30, 'z_score': 1.7079993866475445, 'detector': 'ZScoreDetector', 'threshold': 2.5, 'market_slug': 'will-trump-acquire-greenland-before-2027'}",,
796,will-trump-acquire-greenland-before-2027,2026-02-20 06:00:38+00:00,zscore_spike_manual,medium,"{'mode': 'manual_sql', 'price': 0.1155, 'window': 30, 'z_score': 1.8724236030580732, 'detector': 'ZScoreDetector', 'threshold': 2.5, 'market_slug': 'will-trump-acquire-greenland-before-2027'}",,
795,will-trump-acquire-greenland-before-2027,2026-02-20 05:00:21+00:00,zscore_spike_manual,medium,"{'mode': 'manual_sql', 'price': 0.1145, 'window': 30, 'z_score': -2.3715485287691735, 'detector': 'ZScoreDetector', 'threshold': 2.5, 'market_slug': 'will-trump-acquire-greenland-before-2027'}",,
794,will-trump-acquire-greenland-before-2027,2026-02-20 04:00:21+00:00,zscore_spike_manual,medium,"{'mode': 'manual_sql', 'price': 0.1155, 'window': 30, 'z_score': 2.2355921677482335, 'detector': 'ZScoreDetector', 'threshold': 2.5, 'market_slug': 'will-trump-acquire-greenland-before-2027'}",,
793,will-trump-acquire-greenland-before-2027,2026-02-20 03:00:46+00:00,zscore_spike_manual,high,"{'mode': 'manual_sql', 'price': 0.116, 'window': 30, 'z_score': 5.294651389262897, 'detector': 'ZScoreDetector', 'threshold': 2.5, 'market_slug': 'will-trump-acquire-greenland-before-2027'}",,
719,what-will-happen-before-gta-vi,2026-02-16 18:00:22+00:00,zscore_spike_manual,medium,"{'mode': 'manual_sql', 'price': 0.58, 'window': 30, 'z_score': -3.425451219347101, 'detector': 'ZScoreDetector', 'threshold': 2.5, 'market_slug': 'what-will-happen-before-gta-vi'}",,
718,what-will-happen-before-gta-vi,2026-02-16 17:00:16+00:00,zscore_spike_manual,medium,"{'mode': 'manual_sql', 'price': 0.59, 'window': 30, 'z_score': -2.7556728706470364, 'detector': 'ZScoreDetector', 'threshold': 2.5, 'market_slug': 'what-will-happen-before-gta-vi'}",,
717,what-will-happen-before-gta-vi,2026-02-14 11:00:20+00:00,zscore_spike_manual,medium,"{'mode': 'manual_sql', 'price': 0.575, 'window': 30, 'z_score': -2.634848049210568, 'detector': 'ZScoreDetector', 'threshold': 2.5, 'market_slug': 'what-will-happen-before-gta-vi'}",,
716,what-will-happen-before-gta-vi,2026-02-14 10:00:15+00:00,zscore_spike_manual,medium,"{'mode': 'manual_sql', 'price': 0.575, 'window': 30, 'z_score': -3.147750519552271, 'detector': 'ZScoreDetector', 'threshold': 2.5, 'market_slug': 'what-will-happen-before-gta-vi'}",,
715,what-will-happen-before-gta-vi,2026-02-14 09:00:22+00:00,zscore_spike_manual,high,"{'mode': 'manual_sql', 'price': 0.575, 'window': 30, 'z_score': -4.053804797144681, 'detector': 'ZScoreDetector', 'threshold': 2.5, 'market_slug': 'what-will-happen-before-gta-vi'}",,
714,what-will-happen-before-gta-vi,2026-02-14 05:00:16+00:00,zscore_spike_manual,medium,"{'mode': 'manual_sql', 'price': 0.585, 'window': 30, 'z_score': -2.9211869733664613, 'detector': 'ZScoreDetector', 'threshold': 2.5, 'market_slug': 'what-will-happen-before-gta-vi'}",,
792,will-trump-acquire-greenland-before-2027,2026-02-13 17:00:44+00:00,zscore_spike_manual,high,"{'mode': 'manual_sql', 'price': 0.125, 'window': 30, 'z_score': 5.294651389217061, 'detector': 'ZScoreDetector', 'threshold': 2.5, 'market_slug': 'will-trump-acquire-greenland-before-2027'}",,
713,what-will-happen-before-gta-vi,2026-02-12 05:00:14+00:00,zscore_spike_manual,medium,"{'mode': 'manual_sql', 'price': 0.6, 'window': 30, 'z_score': 1.4515230880437626, 'detector': 'ZScoreDetector', 'threshold': 2.5, 'market_slug': 'what-will-happen-before-gta-vi'}",,
712,what-will-happen-before-gta-vi,2026-02-12 04:00:14+00:00,zscore_spike_manual,medium,"{'mode': 'manual_sql', 'price': 0.6, 'window': 30, 'z_score': 1.5609220461920876, 'detector': 'ZScoreDetector', 'threshold': 2.5, 'market_slug': 'what-will-happen-before-gta-vi'}",,
711,what-will-happen-before-gta-vi,2026-02-12 03:00:19+00:00,zscore_spike_manual,medium,"{'mode': 'manual_sql', 'price': 0.6, 'window': 30, 'z_score': 1.6994738544957695, 'detector': 'ZScoreDetector', 'threshold': 2.5, 'market_slug': 'what-will-happen-before-gta-vi'}",,
710,what-will-happen-before-gta-vi,2026-02-11 21:00:20+00:00,zscore_spike_manual,medium,"{'mode': 'manual_sql', 'price': 0.6, 'window': 30, 'z_score': 2.554407954889627, 'detector': 'ZScoreDetector', 'threshold': 2.5, 'market_slug': 'what-will-happen-before-gta-vi'}",,
709,what-will-happen-before-gta-vi,2026-02-11 10:00:14+00:00,zscore_spike_manual,medium,"{'mode': 'manual_sql', 'price': 0.59, 'window': 30, 'z_score': 2.7488605087750653, 'detector': 'ZScoreDetector', 'threshold': 2.5, 'market_slug': 'what-will-happen-before-gta-vi'}",,
708,what-will-happen-before-gta-vi,2026-02-11 09:00:19+00:00,zscore_spike_manual,medium,"{'mode': 'manual_sql', 'price': 0.59, 'window': 30, 'z_score': 3.311438509171192, 'detector': 'ZScoreDetector', 'threshold': 2.5, 'market_slug': 'what-will-happen-before-gta-vi'}",,
707,what-will-happen-before-gta-vi,2026-02-10 06:00:21+00:00,zscore_spike_manual,medium,"{'mode': 'manual_sql', 'price': 0.575, 'window': 30, 'z_score': -2.6925824035755253, 'detector': 'ZScoreDetector', 'threshold': 2.5, 'market_slug': 'what-will-happen-before-gta-vi'}",,
706,what-will-happen-before-gta-vi,2026-02-10 05:00:14+00:00,zscore_spike_manual,medium,"{'mode': 'manual_sql', 'price': 0.575, 'window': 30, 'z_score': -3.2307627141963806, 'detector': 'ZScoreDetector', 'threshold': 2.5, 'market_slug': 'what-will-happen-before-gta-vi'}",,
791,will-trump-acquire-greenland-before-2027,2026-02-09 21:00:32+00:00,zscore_spike_manual,medium,"{'mode': 'manual_sql', 'price': 0.115, 'window': 30, 'z_score': -1.2041594578792338, 'detector': 'ZScoreDetector', 'threshold': 2.5, 'market_slug': 'will-trump-acquire-greenland-before-2027'}",,
790,will-trump-acquire-greenland-before-2027,2026-02-09 20:00:21+00:00,zscore_spike_manual,medium,"{'mode': 'manual_sql', 'price': 0.115, 'window': 30, 'z_score': -1.2921675470684841, 'detector': 'ZScoreDetector', 'threshold': 2.5, 'market_slug': 'will-trump-acquire-greenland-before-2027'}",,
789,will-trump-acquire-greenland-before-2027,2026-02-09 19:00:22+00:00,zscore_spike_manual,medium,"{'mode': 'manual_sql', 'price': 0.115, 'window': 30, 'z_score': -1.3904435743076171, 'detector': 'ZScoreDetector', 'threshold': 2.5, 'market_slug': 'will-trump-acquire-greenland-before-2027'}",,
788,will-trump-acquire-greenland-before-2027,2026-02-09 18:00:34+00:00,zscore_spike_manual,medium,"{'mode': 'manual_sql', 'price': 0.115, 'window': 30, 'z_score': -1.5018507101425151, 'detector': 'ZScoreDetector', 'threshold': 2.5, 'market_slug': 'will-trump-acquire-greenland-before-2027'}",,
787,will-trump-acquire-greenland-before-2027,2026-02-09 17:00:20+00:00,zscore_spike_manual,medium,"{'mode': 'manual_sql', 'price': 0.115, 'window': 30, 'z_score': -1.6304396135194181, 'detector': 'ZScoreDetector', 'threshold': 2.5, 'market_slug': 'will-trump-acquire-greenland-before-2027'}",,
786,will-trump-acquire-greenland-before-2027,2026-02-09 16:00:42+00:00,zscore_spike_manual,medium,"{'mode': 'manual_sql', 'price': 0.115, 'window': 30, 'z_score': -1.7821869924871792, 'detector': 'ZScoreDetector', 'threshold': 2.5, 'market_slug': 'will-trump-acquire-greenland-before-2027'}",,
785,will-trump-acquire-greenland-before-2027,2026-02-09 15:00:35+00:00,zscore_spike_manual,medium,"{'mode': 'manual_sql', 'price': 0.115, 'window': 30, 'z_score': -1.9663841605003534, 'detector': 'ZScoreDetector', 'threshold': 2.5, 'market_slug': 'will-trump-acquire-greenland-before-2027'}",,
784,will-trump-acquire-greenland-before-2027,2026-02-09 14:00:21+00:00,zscore_spike_manual,medium,"{'mode': 'manual_sql', 'price': 0.115, 'window': 30, 'z_score': -2.198484326378824, 'detector': 'ZScoreDetector', 'threshold': 2.5, 'market_slug': 'will-trump-acquire-greenland-before-2027'}",,
783,will-trump-acquire-greenland-before-2027,2026-02-09 13:00:20+00:00,zscore_spike_manual,medium,"{'mode': 'manual_sql', 'price': 0.115, 'window': 30, 'z_score': -2.5066578014027643, 'detector': 'ZScoreDetector', 'threshold': 2.5, 'market_slug': 'will-trump-acquire-greenland-before-2027'}",,
782,will-trump-acquire-greenland-before-2027,2026-02-09 12:00:55+00:00,zscore_spike_manual,medium,"{'mode': 'manual_sql', 'price': 0.115, 'window': 30, 'z_score': -2.9495762407505324, 'detector': 'ZScoreDetector', 'threshold': 2.5, 'market_slug': 'will-trump-acquire-greenland-before-2027'}",,
781,will-trump-acquire-greenland-before-2027,2026-02-09 11:00:20+00:00,zscore_spike_manual,medium,"{'mode': 'manual_sql', 'price': 0.115, 'window': 30, 'z_score': -3.6787679096857095, 'detector': 'ZScoreDetector', 'threshold': 2.5, 'market_slug': 'will-trump-acquire-greenland-before-2027'}",,
780,will-trump-acquire-greenland-before-2027,2026-02-09 10:00:20+00:00,zscore_spike_manual,high,"{'mode': 'manual_sql', 'price': 0.115, 'window': 30, 'z_score': -5.294651389216612, 'detector': 'ZScoreDetector', 'threshold': 2.5, 'market_slug': 'will-trump-acquire-greenland-before-2027'}",,
705,what-will-happen-before-gta-vi,2026-02-08 17:00:17+00:00,zscore_spike_manual,medium,"{'mode': 'manual_sql', 'price': 0.58, 'window': 30, 'z_score': -1.8587387569140819, 'detector': 'ZScoreDetector', 'threshold': 2.5, 'market_slug': 'what-will-happen-before-gta-vi'}",,
704,what-will-happen-before-gta-vi,2026-02-08 11:00:15+00:00,zscore_spike_manual,medium,"{'mode': 'manual_sql', 'price': 0.585, 'window': 30, 'z_score': -2.9068264977067813, 'detector': 'ZScoreDetector', 'threshold': 2.5, 'market_slug': 'what-will-happen-before-gta-vi'}",,
703,what-will-happen-before-gta-vi,2026-02-08 10:00:29+00:00,zscore_spike_manual,high,"{'mode': 'manual_sql', 'price': 0.58, 'window': 30, 'z_score': -4.374323170085664, 'detector': 'ZScoreDetector', 'threshold': 2.5, 'market_slug': 'what-will-happen-before-gta-vi'}",,
702,what-will-happen-before-gta-vi,2026-02-08 09:00:30+00:00,zscore_spike_manual,high,"{'mode': 'manual_sql', 'price': 0.59, 'window': 30, 'z_score': -5.29465138921714, 'detector': 'ZScoreDetector', 'threshold': 2.5, 'market_slug': 'what-will-happen-before-gta-vi'}",,
701,what-will-happen-before-gta-vi,2026-02-05 16:00:14+00:00,zscore_spike_manual,medium,"{'mode': 'manual_sql', 'price': 0.615, 'window': 30, 'z_score': 2.6835223102601646, 'detector': 'ZScoreDetector', 'threshold': 2.5, 'market_slug': 'what-will-happen-before-gta-vi'}",,
700,presidential-election-winner-2024,2024-11-06 15:00:02+00:00,zscore_spike_manual,medium,"{'mode': 'manual_sql', 'price': 0.9975, 'window': 30, 'z_score': 1.2214745633191058, 'detector': 'ZScoreDetector', 'threshold': 2.5, 'market_slug': 'presidential-election-winner-2024'}",,
699,presidential-election-winner-2024,2024-11-06 14:00:03+00:00,zscore_spike_manual,medium,"{'mode': 'manual_sql', 'price': 0.9965, 'window': 30, 'z_score': 1.305437811879821, 'detector': 'ZScoreDetector', 'threshold': 2.5, 'market_slug': 'presidential-election-winner-2024'}",,
698,presidential-election-winner-2024,2024-11-06 13:00:02+00:00,zscore_spike_manual,medium,"{'mode': 'manual_sql', 'price': 0.9975, 'window': 30, 'z_score': 1.4107660852408892, 'detector': 'ZScoreDetector', 'threshold': 2.5, 'market_slug': 'presidential-election-winner-2024'}",,
697,presidential-election-winner-2024,2024-11-06 12:00:03+00:00,zscore_spike_manual,medium,"{'mode': 'manual_sql', 'price': 0.9985, 'window': 30, 'z_score': 1.5290385403390965, 'detector': 'ZScoreDetector', 'threshold': 2.5, 'market_slug': 'presidential-election-winner-2024'}",,
696,presidential-election-winner-2024,2024-11-06 11:00:02+00:00,zscore_spike_manual,medium,"{'mode': 'manual_sql', 'price': 0.997, 'window': 30, 'z_score': 1.6518402935763283, 'detector': 'ZScoreDetector', 'threshold': 2.5, 'market_slug': 'presidential-election-winner-2024'}",,
695,presidential-election-winner-2024,2024-11-06 10:00:02+00:00,zscore_spike_manual,medium,"{'mode': 'manual_sql', 'price': 0.9945, 'window': 30, 'z_score': 1.7910724795138597, 'detector': 'ZScoreDetector', 'threshold': 2.5, 'market_slug': 'presidential-election-winner-2024'}",,
694,presidential-election-winner-2024,2024-11-06 09:00:02+00:00,zscore_spike_manual,medium,"{'mode': 'manual_sql', 'price': 0.9955, 'window': 30, 'z_score': 1.982234791070187, 'detector': 'ZScoreDetector', 'threshold': 2.5, 'market_slug': 'presidential-election-winner-2024'}",,
693,presidential-election-winner-2024,2024-11-06 08:00:03+00:00,zscore_spike_manual,medium,"{'mode': 'manual_sql', 'price': 0.9945, 'window': 30, 'z_score': 2.209237915328049, 'detector': 'ZScoreDetector', 'threshold': 2.5, 'market_slug': 'presidential-election-winner-2024'}",,
692,presidential-election-winner-2024,2024-11-06 07:00:02+00:00,zscore_spike_manual,medium,"{'mode': 'manual_sql', 'price': 0.9935, 'window': 30, 'z_score': 2.5097212990015367, 'detector': 'ZScoreDetector', 'threshold': 2.5, 'market_slug': 'presidential-election-winner-2024'}",,
691,presidential-election-winner-2024,2024-11-06 06:00:02+00:00,zscore_spike_manual,medium,"{'mode': 'manual_sql', 'price': 0.9865, 'window': 30, 'z_score': 2.8887979947424127, 'detector': 'ZScoreDetector', 'threshold': 2.5, 'market_slug': 'presidential-election-winner-2024'}",,
690,presidential-election-winner-2024,2024-11-06 05:00:03+00:00,zscore_spike_manual,medium,"{'mode': 'manual_sql', 'price': 0.9695, 'window': 30, 'z_score': 3.391733532992119, 'detector': 'ZScoreDetector', 'threshold': 2.5, 'market_slug': 'presidential-election-winner-2024'}",,
689,presidential-election-winner-2024,2024-11-06 04:00:03+00:00,zscore_spike_manual,medium,"{'mode': 'manual_sql', 'price': 0.9245, 'window': 30, 'z_score': 3.959076468754108, 'detector': 'ZScoreDetector', 'threshold': 2.5, 'market_slug': 'presidential-election-winner-2024'}",,
688,presidential-election-winner-2024,2024-11-06 03:00:02+00:00,zscore_spike_manual,high,"{'mode': 'manual_sql', 'price': 0.828, 'window': 30, 'z_score': 4.193252378938581, 'detector': 'ZScoreDetector', 'threshold': 2.5, 'market_slug': 'presidential-election-winner-2024'}",,
687,presidential-election-winner-2024,2024-11-06 02:00:02+00:00,zscore_spike_manual,medium,"{'mode': 'manual_sql', 'price': 0.711, 'window': 30, 'z_score': 3.2453456053671297, 'detector': 'ZScoreDetector', 'threshold': 2.5, 'market_slug': 'presidential-election-winner-2024'}",,
686,presidential-election-winner-2024,2024-11-06 01:00:02+00:00,zscore_spike_manual,high,"{'mode': 'manual_sql', 'price': 0.706, 'window': 30, 'z_score': 4.023317975423767, 'detector': 'ZScoreDetector', 'threshold': 2.5, 'market_slug': 'presidential-election-winner-2024'}",,
685,presidential-election-winner-2024,2024-11-04 16:00:03+00:00,zscore_spike_manual,medium,"{'mode': 'manual_sql', 'price': 0.6055, 'window': 30, 'z_score': 2.6272939044538597, 'detector': 'ZScoreDetector', 'threshold': 2.5, 'market_slug': 'presidential-election-winner-2024'}",,
684,presidential-election-winner-2024,2024-11-03 02:00:03+00:00,zscore_spike_manual,medium,"{'mode': 'manual_sql', 'price': 0.5295, 'window': 30, 'z_score': -3.545264079288026, 'detector': 'ZScoreDetector', 'threshold': 2.5, 'market_slug': 'presidential-election-winner-2024'}",,
683,presidential-election-winner-2024,2024-11-03 01:00:03+00:00,zscore_spike_manual,medium,"{'mode': 'manual_sql', 'price': 0.5485, 'window': 30, 'z_score': -3.0815431979445007, 'detector': 'ZScoreDetector', 'threshold': 2.5, 'market_slug': 'presidential-election-winner-2024'}",,
682,presidential-election-winner-2024,2024-11-03 00:00:03+00:00,zscore_spike_manual,medium,"{'mode': 'manual_sql', 'price': 0.5585, 'window': 30, 'z_score': -2.585922866192029, 'detector': 'ZScoreDetector', 'threshold': 2.5, 'market_slug': 'presidential-election-winner-2024'}",,
681,presidential-election-winner-2024,2024-11-02 01:00:03+00:00,zscore_spike_manual,medium,"{'mode': 'manual_sql', 'price': 0.5795, 'window': 30, 'z_score': -2.3152123265791564, 'detector': 'ZScoreDetector', 'threshold': 2.5, 'market_slug': 'presidential-election-winner-2024'}",,
680,presidential-election-winner-2024,2024-11-02 00:00:03+00:00,zscore_spike_manual,medium,"{'mode': 'manual_sql', 'price': 0.5825, 'window': 30, 'z_score': -2.4367721539903626, 'detector': 'ZScoreDetector', 'threshold': 2.5, 'market_slug': 'presidential-election-winner-2024'}",,
679,presidential-election-winner-2024,2024-11-01 07:00:02+00:00,zscore_spike_manual,medium,"{'mode': 'manual_sql', 'price': 0.6115, 'window': 30, 'z_score': -1.5981431342884556, 'detector': 'ZScoreDetector', 'threshold': 2.5, 'market_slug': 'presidential-election-winner-2024'}",,
678,presidential-election-winner-2024,2024-11-01 06:00:02+00:00,zscore_spike_manual,medium,"{'mode': 'manual_sql', 'price': 0.613, 'window': 30, 'z_score': -1.627025018056287, 'detector': 'ZScoreDetector', 'threshold': 2.5, 'market_slug': 'presidential-election-winner-2024'}",,
677,presidential-election-winner-2024,2024-11-01 05:00:03+00:00,zscore_spike_manual,medium,"{'mode': 'manual_sql', 'price': 0.6155, 'window': 30, 'z_score': -1.5727569723367996, 'detector': 'ZScoreDetector', 'threshold': 2.5, 'market_slug': 'presidential-election-winner-2024'}",,
676,presidential-election-winner-2024,2024-10-31 21:00:03+00:00,zscore_spike_manual,medium,"{'mode': 'manual_sql', 'price': 0.6205, 'window': 30, 'z_score': -1.4463739480121058, 'detector': 'ZScoreDetector', 'threshold': 2.5, 'market_slug': 'presidential-election-winner-2024'}",,
675,presidential-election-winner-2024,2024-10-31 19:00:03+00:00,zscore_spike_manual,medium,"{'mode': 'manual_sql', 'price': 0.6125, 'window': 30, 'z_score': -2.110601375752263, 'detector': 'ZScoreDetector', 'threshold': 2.5, 'market_slug': 'presidential-election-winner-2024'}",,
674,presidential-election-winner-2024,2024-10-31 18:00:03+00:00,zscore_spike_manual,medium,"{'mode': 'manual_sql', 'price': 0.6155, 'window': 30, 'z_score': -2.146678688808674, 'detector': 'ZScoreDetector', 'threshold': 2.5, 'market_slug': 'presidential-election-winner-2024'}",,
673,presidential-election-winner-2024,2024-10-31 07:00:03+00:00,zscore_spike_manual,medium,"{'mode': 'manual_sql', 'price': 0.6315, 'window': 30, 'z_score': -1.546919746906584, 'detector': 'ZScoreDetector', 'threshold': 2.5, 'market_slug': 'presidential-election-winner-2024'}",,
672,presidential-election-winner-2024,2024-10-31 06:00:03+00:00,zscore_spike_manual,medium,"{'mode': 'manual_sql', 'price': 0.6235, 'window': 30, 'z_score': -2.215285862827327, 'detector': 'ZScoreDetector', 'threshold': 2.5, 'market_slug': 'presidential-election-winner-2024'}",,
671,presidential-election-winner-2024,2024-10-31 05:00:03+00:00,zscore_spike_manual,medium,"{'mode': 'manual_sql', 'price': 0.6205, 'window': 30, 'z_score': -2.7473387624084045, 'detector': 'ZScoreDetector', 'threshold': 2.5, 'market_slug': 'presidential-election-winner-2024'}",,
670,presidential-election-winner-2024,2024-10-31 04:00:03+00:00,zscore_spike_manual,medium,"{'mode': 'manual_sql', 'price': 0.6215, 'window': 30, 'z_score': -3.240150440959727, 'detector': 'ZScoreDetector', 'threshold': 2.5, 'market_slug': 'presidential-election-winner-2024'}",,
669,presidential-election-winner-2024,2024-10-31 03:00:03+00:00,zscore_spike_manual,medium,"{'mode': 'manual_sql', 'price': 0.634, 'window': 30, 'z_score': -2.9028186937399902, 'detector': 'ZScoreDetector', 'threshold': 2.5, 'market_slug': 'presidential-election-winner-2024'}",,
668,presidential-election-winner-2024,2024-10-31 02:00:03+00:00,zscore_spike_manual,medium,"{'mode': 'manual_sql', 'price': 0.6365, 'window': 30, 'z_score': -3.2767521675105264, 'detector': 'ZScoreDetector', 'threshold': 2.5, 'market_slug': 'presidential-election-winner-2024'}",,
667,presidential-election-winner-2024,2024-10-31 01:00:03+00:00,zscore_spike_manual,medium,"{'mode': 'manual_sql', 'price': 0.6435, 'window': 30, 'z_score': -3.186428475369697, 'detector': 'ZScoreDetector', 'threshold': 2.5, 'market_slug': 'presidential-election-winner-2024'}",,
666,presidential-election-winner-2024,2024-10-31 00:00:03+00:00,zscore_spike_manual,medium,"{'mode': 'manual_sql', 'price': 0.6475, 'window': 30, 'z_score': -3.313077447514421, 'detector': 'ZScoreDetector', 'threshold': 2.5, 'market_slug': 'presidential-election-winner-2024'}",,
665,presidential-election-winner-2024,2024-10-30 23:00:03+00:00,zscore_spike_manual,medium,"{'mode': 'manual_sql', 'price': 0.6545, 'window': 30, 'z_score': -2.5840172267469534, 'detector': 'ZScoreDetector', 'threshold': 2.5, 'market_slug': 'presidential-election-winner-2024'}",,
664,presidential-election-winner-2024,2024-10-30 21:00:03+00:00,zscore_spike_manual,medium,"{'mode': 'manual_sql', 'price': 0.6565, 'window': 30, 'z_score': -2.8221211555107892, 'detector': 'ZScoreDetector', 'threshold': 2.5, 'market_slug': 'presidential-election-winner-2024'}",,
663,presidential-election-winner-2024,2024-10-28 11:00:03+00:00,zscore_spike_manual,medium,"{'mode': 'manual_sql', 'price': 0.6665, 'window': 30, 'z_score': 2.280141074371616, 'detector': 'ZScoreDetector', 'threshold': 2.5, 'market_slug': 'presidential-election-winner-2024'}",,
662,presidential-election-winner-2024,2024-10-28 09:00:02+00:00,zscore_spike_manual,medium,"{'mode': 'manual_sql', 'price': 0.666, 'window': 30, 'z_score': 2.8605448809106466, 'detector': 'ZScoreDetector', 'threshold': 2.5, 'market_slug': 'presidential-election-winner-2024'}",,
661,presidential-election-winner-2024,2024-10-28 08:00:03+00:00,zscore_spike_manual,medium,"{'mode': 'manual_sql', 'price': 0.6625, 'window': 30, 'z_score': 2.647145122608939, 'detector': 'ZScoreDetector', 'threshold': 2.5, 'market_slug': 'presidential-election-winner-2024'}",,
660,presidential-election-winner-2024,2024-10-28 07:00:04+00:00,zscore_spike_manual,medium,"{'mode': 'manual_sql', 'price': 0.6605, 'window': 30, 'z_score': 2.595188897934953, 'detector': 'ZScoreDetector', 'threshold': 2.5, 'market_slug': 'presidential-election-winner-2024'}",,
659,presidential-election-winner-2024,2024-10-28 06:00:03+00:00,zscore_spike_manual,medium,"{'mode': 'manual_sql', 'price': 0.6615, 'window': 30, 'z_score': 3.3428028904621354, 'detector': 'ZScoreDetector', 'threshold': 2.5, 'market_slug': 'presidential-election-winner-2024'}",,
658,presidential-election-winner-2024,2024-10-23 22:00:03+00:00,zscore_spike_manual,medium,"{'mode': 'manual_sql', 'price': 0.6085, 'window': 30, 'z_score': -2.618473518614185, 'detector': 'ZScoreDetector', 'threshold': 2.5, 'market_slug': 'presidential-election-winner-2024'}",,
657,presidential-election-winner-2024,2024-10-23 17:00:02+00:00,zscore_spike_manual,medium,"{'mode': 'manual_sql', 'price': 0.6125, 'window': 30, 'z_score': -2.9608734849256644, 'detector': 'ZScoreDetector', 'threshold': 2.5, 'market_slug': 'presidential-election-winner-2024'}",,
656,presidential-election-winner-2024,2024-10-22 19:00:02+00:00,zscore_spike_manual,medium,"{'mode': 'manual_sql', 'price': 0.6595, 'window': 30, 'z_score': 2.027017495314067, 'detector': 'ZScoreDetector', 'threshold': 2.5, 'market_slug': 'presidential-election-winner-2024'}",,
655,presidential-election-winner-2024,2024-10-22 18:00:02+00:00,zscore_spike_manual,medium,"{'mode': 'manual_sql', 'price': 0.6615, 'window': 30, 'z_score': 2.36248412251387, 'detector': 'ZScoreDetector', 'threshold': 2.5, 'market_slug': 'presidential-election-winner-2024'}",,
654,presidential-election-winner-2024,2024-10-22 03:00:02+00:00,zscore_spike_manual,medium,"{'mode': 'manual_sql', 'price': 0.6355, 'window': 30, 'z_score': 1.588643932342089, 'detector': 'ZScoreDetector', 'threshold': 2.5, 'market_slug': 'presidential-election-winner-2024'}",,
653,presidential-election-winner-2024,2024-10-22 02:00:02+00:00,zscore_spike_manual,medium,"{'mode': 'manual_sql', 'price': 0.6365, 'window': 30, 'z_score': 1.8014463320064333, 'detector': 'ZScoreDetector', 'threshold': 2.5, 'market_slug': 'presidential-election-winner-2024'}",,
652,presidential-election-winner-2024,2024-10-22 01:00:02+00:00,zscore_spike_manual,medium,"{'mode': 'manual_sql', 'price': 0.6405, 'window': 30, 'z_score': 2.3249355784189913, 'detector': 'ZScoreDetector', 'threshold': 2.5, 'market_slug': 'presidential-election-winner-2024'}",,
651,presidential-election-winner-2024,2024-10-22 00:00:02+00:00,zscore_spike_manual,medium,"{'mode': 'manual_sql', 'price': 0.649, 'window': 30, 'z_score': 3.4657404777704, 'detector': 'ZScoreDetector', 'threshold': 2.5, 'market_slug': 'presidential-election-winner-2024'}",,
650,presidential-election-winner-2024,2024-10-21 23:00:02+00:00,zscore_spike_manual,medium,"{'mode': 'manual_sql', 'price': 0.6295, 'window': 30, 'z_score': 2.208697668040461, 'detector': 'ZScoreDetector', 'threshold': 2.5, 'market_slug': 'presidential-election-winner-2024'}",,
649,presidential-election-winner-2024,2024-10-21 17:00:03+00:00,zscore_spike_manual,medium,"{'mode': 'manual_sql', 'price': 0.6255, 'window': 30, 'z_score': 2.26171116556591, 'detector': 'ZScoreDetector', 'threshold': 2.5, 'market_slug': 'presidential-election-winner-2024'}",,
648,presidential-election-winner-2024,2024-10-21 16:00:02+00:00,zscore_spike_manual,medium,"{'mode': 'manual_sql', 'price': 0.625, 'window': 30, 'z_score': 2.493900164390659, 'detector': 'ZScoreDetector', 'threshold': 2.5, 'market_slug': 'presidential-election-winner-2024'}",,
647,presidential-election-winner-2024,2024-10-21 14:00:02+00:00,zscore_spike_manual,medium,"{'mode': 'manual_sql', 'price': 0.6225, 'window': 30, 'z_score': 2.7471734439403828, 'detector': 'ZScoreDetector', 'threshold': 2.5, 'market_slug': 'presidential-election-winner-2024'}",,
646,presidential-election-winner-2024,2024-10-20 04:00:02+00:00,zscore_spike_manual,high,"{'mode': 'manual_sql', 'price': 0.563, 'window': 30, 'z_score': -5.057450602346251, 'detector': 'ZScoreDetector', 'threshold': 2.5, 'market_slug': 'presidential-election-winner-2024'}",,
645,presidential-election-winner-2024,2024-10-20 03:00:02+00:00,zscore_spike_manual,high,"{'mode': 'manual_sql', 'price': 0.5905, 'window': 30, 'z_score': -4.0589182181044, 'detector': 'ZScoreDetector', 'threshold': 2.5, 'market_slug': 'presidential-election-winner-2024'}",,
644,presidential-election-winner-2024,2024-10-17 14:00:03+00:00,zscore_spike_manual,medium,"{'mode': 'manual_sql', 'price': 0.6235, 'window': 30, 'z_score': 2.910955858712264, 'detector': 'ZScoreDetector', 'threshold': 2.5, 'market_slug': 'presidential-election-winner-2024'}",,
643,presidential-election-winner-2024,2024-10-17 12:00:02+00:00,zscore_spike_manual,medium,"{'mode': 'manual_sql', 'price': 0.6125, 'window': 30, 'z_score': 2.702829823151673, 'detector': 'ZScoreDetector', 'threshold': 2.5, 'market_slug': 'presidential-election-winner-2024'}",,
642,presidential-election-winner-2024,2024-10-16 12:00:02+00:00,zscore_spike_manual,medium,"{'mode': 'manual_sql', 'price': 0.6005, 'window': 30, 'z_score': 1.963319820073608, 'detector': 'ZScoreDetector', 'threshold': 2.5, 'market_slug': 'presidential-election-winner-2024'}",,
641,presidential-election-winner-2024,2024-10-16 11:00:02+00:00,zscore_spike_manual,medium,"{'mode': 'manual_sql', 'price': 0.5995, 'window': 30, 'z_score': 2.0376328175913145, 'detector': 'ZScoreDetector', 'threshold': 2.5, 'market_slug': 'presidential-election-winner-2024'}",,
640,presidential-election-winner-2024,2024-10-16 10:00:02+00:00,zscore_spike_manual,medium,"{'mode': 'manual_sql', 'price': 0.5965, 'window': 30, 'z_score': 1.9659326173581988, 'detector': 'ZScoreDetector', 'threshold': 2.5, 'market_slug': 'presidential-election-winner-2024'}",,
639,presidential-election-winner-2024,2024-10-15 22:00:03+00:00,zscore_spike_manual,medium,"{'mode': 'manual_sql', 'price': 0.577, 'window': 30, 'z_score': 1.3532712742404691, 'detector': 'ZScoreDetector', 'threshold': 2.5, 'market_slug': 'presidential-election-winner-2024'}",,
638,presidential-election-winner-2024,2024-10-15 21:00:03+00:00,zscore_spike_manual,medium,"{'mode': 'manual_sql', 'price': 0.5785, 'window': 30, 'z_score': 1.5564684540185112, 'detector': 'ZScoreDetector', 'threshold': 2.5, 'market_slug': 'presidential-election-winner-2024'}",,
637,presidential-election-winner-2024,2024-10-15 20:00:02+00:00,zscore_spike_manual,medium,"{'mode': 'manual_sql', 'price': 0.5805, 'window': 30, 'z_score': 1.8124899208571494, 'detector': 'ZScoreDetector', 'threshold': 2.5, 'market_slug': 'presidential-election-winner-2024'}",,
636,presidential-election-winner-2024,2024-10-15 19:00:03+00:00,zscore_spike_manual,medium,"{'mode': 'manual_sql', 'price': 0.5795, 'window': 30, 'z_score': 1.8779726270882087, 'detector': 'ZScoreDetector', 'threshold': 2.5, 'market_slug': 'presidential-election-winner-2024'}",,
635,presidential-election-winner-2024,2024-10-15 18:00:02+00:00,zscore_spike_manual,medium,"{'mode': 'manual_sql', 'price': 0.5805, 'window': 30, 'z_score': 2.1292819989514844, 'detector': 'ZScoreDetector', 'threshold': 2.5, 'market_slug': 'presidential-election-winner-2024'}",,
634,presidential-election-winner-2024,2024-10-15 17:00:02+00:00,zscore_spike_manual,medium,"{'mode': 'manual_sql', 'price': 0.5795, 'window': 30, 'z_score': 2.2892929833862263, 'detector': 'ZScoreDetector', 'threshold': 2.5, 'market_slug': 'presidential-election-winner-2024'}",,
633,presidential-election-winner-2024,2024-10-15 16:00:02+00:00,zscore_spike_manual,medium,"{'mode': 'manual_sql', 'price': 0.5795, 'window': 30, 'z_score': 2.595129808923883, 'detector': 'ZScoreDetector', 'threshold': 2.5, 'market_slug': 'presidential-election-winner-2024'}",,
632,presidential-election-winner-2024,2024-10-15 15:00:02+00:00,zscore_spike_manual,medium,"{'mode': 'manual_sql', 'price': 0.5715, 'window': 30, 'z_score': 2.1842142116446785, 'detector': 'ZScoreDetector', 'threshold': 2.5, 'market_slug': 'presidential-election-winner-2024'}",,
631,presidential-election-winner-2024,2024-10-15 14:00:02+00:00,zscore_spike_manual,medium,"{'mode': 'manual_sql', 'price': 0.5695, 'window': 30, 'z_score': 2.231912243660994, 'detector': 'ZScoreDetector', 'threshold': 2.5, 'market_slug': 'presidential-election-winner-2024'}",,
630,presidential-election-winner-2024,2024-10-15 13:00:02+00:00,zscore_spike_manual,medium,"{'mode': 'manual_sql', 'price': 0.5635, 'window': 30, 'z_score': 1.7849202651715272, 'detector': 'ZScoreDetector', 'threshold': 2.5, 'market_slug': 'presidential-election-winner-2024'}",,
629,presidential-election-winner-2024,2024-10-15 12:00:02+00:00,zscore_spike_manual,medium,"{'mode': 'manual_sql', 'price': 0.566, 'window': 30, 'z_score': 2.2907481483263217, 'detector': 'ZScoreDetector', 'threshold': 2.5, 'market_slug': 'presidential-election-winner-2024'}",,
628,presidential-election-winner-2024,2024-10-15 11:00:02+00:00,zscore_spike_manual,medium,"{'mode': 'manual_sql', 'price': 0.5615, 'window': 30, 'z_score': 1.9726075914285264, 'detector': 'ZScoreDetector', 'threshold': 2.5, 'market_slug': 'presidential-election-winner-2024'}",,
627,presidential-election-winner-2024,2024-10-15 10:00:02+00:00,zscore_spike_manual,medium,"{'mode': 'manual_sql', 'price': 0.5595, 'window': 30, 'z_score': 1.887580915974531, 'detector': 'ZScoreDetector', 'threshold': 2.5, 'market_slug': 'presidential-election-winner-2024'}",,
626,presidential-election-winner-2024,2024-10-13 20:00:02+00:00,zscore_spike_manual,medium,"{'mode': 'manual_sql', 'price': 0.5385, 'window': 30, 'z_score': -3.2267943095502463, 'detector': 'ZScoreDetector', 'threshold': 2.5, 'market_slug': 'presidential-election-winner-2024'}",,
625,presidential-election-winner-2024,2024-10-13 19:00:02+00:00,zscore_spike_manual,medium,"{'mode': 'manual_sql', 'price': 0.5405, 'window': 30, 'z_score': -3.241488296625803, 'detector': 'ZScoreDetector', 'threshold': 2.5, 'market_slug': 'presidential-election-winner-2024'}",,
624,presidential-election-winner-2024,2024-10-11 19:00:02+00:00,zscore_spike_manual,medium,"{'mode': 'manual_sql', 'price': 0.5345, 'window': 30, 'z_score': -2.601635662182399, 'detector': 'ZScoreDetector', 'threshold': 2.5, 'market_slug': 'presidential-election-winner-2024'}",,
623,presidential-election-winner-2024,2024-10-10 20:00:02+00:00,zscore_spike_manual,medium,"{'mode': 'manual_sql', 'price': 0.5605, 'window': 30, 'z_score': 2.2980793410707574, 'detector': 'ZScoreDetector', 'threshold': 2.5, 'market_slug': 'presidential-election-winner-2024'}",,
622,presidential-election-winner-2024,2024-10-10 17:00:02+00:00,zscore_spike_manual,medium,"{'mode': 'manual_sql', 'price': 0.5645, 'window': 30, 'z_score': 3.8134018967468206, 'detector': 'ZScoreDetector', 'threshold': 2.5, 'market_slug': 'presidential-election-winner-2024'}",,
621,presidential-election-winner-2024,2024-10-10 11:00:02+00:00,zscore_spike_manual,medium,"{'mode': 'manual_sql', 'price': 0.5465, 'window': 30, 'z_score': 3.2119061365928134, 'detector': 'ZScoreDetector', 'threshold': 2.5, 'market_slug': 'presidential-election-winner-2024'}",,
620,presidential-election-winner-2024,2024-10-10 10:00:02+00:00,zscore_spike_manual,medium,"{'mode': 'manual_sql', 'price': 0.5445, 'window': 30, 'z_score': 3.513057321006034, 'detector': 'ZScoreDetector', 'threshold': 2.5, 'market_slug': 'presidential-election-winner-2024'}",,
619,presidential-election-winner-2024,2024-10-10 09:00:02+00:00,zscore_spike_manual,medium,"{'mode': 'manual_sql', 'price': 0.5415, 'window': 30, 'z_score': 3.418860086403427, 'detector': 'ZScoreDetector', 'threshold': 2.5, 'market_slug': 'presidential-election-winner-2024'}",,
618,presidential-election-winner-2024,2024-10-08 00:00:02+00:00,zscore_spike_manual,medium,"{'mode': 'manual_sql', 'price': 0.5395, 'window': 30, 'z_score': 1.617968829833439, 'detector': 'ZScoreDetector', 'threshold': 2.5, 'market_slug': 'presidential-election-winner-2024'}",,
617,presidential-election-winner-2024,2024-10-07 23:00:02+00:00,zscore_spike_manual,medium,"{'mode': 'manual_sql', 'price': 0.5375, 'window': 30, 'z_score': 1.6137688665410859, 'detector': 'ZScoreDetector', 'threshold': 2.5, 'market_slug': 'presidential-election-winner-2024'}",,
616,presidential-election-winner-2024,2024-10-07 22:00:02+00:00,zscore_spike_manual,medium,"{'mode': 'manual_sql', 'price': 0.534, 'window': 30, 'z_score': 1.483025378101359, 'detector': 'ZScoreDetector', 'threshold': 2.5, 'market_slug': 'presidential-election-winner-2024'}",,
615,presidential-election-winner-2024,2024-10-07 21:00:02+00:00,zscore_spike_manual,medium,"{'mode': 'manual_sql', 'price': 0.534, 'window': 30, 'z_score': 1.6084362182572218, 'detector': 'ZScoreDetector', 'threshold': 2.5, 'market_slug': 'presidential-election-winner-2024'}",,
614,presidential-election-winner-2024,2024-10-07 20:00:02+00:00,zscore_spike_manual,medium,"{'mode': 'manual_sql', 'price': 0.5365, 'window': 30, 'z_score': 1.9697583541937018, 'detector': 'ZScoreDetector', 'threshold': 2.5, 'market_slug': 'presidential-election-winner-2024'}",,
613,presidential-election-winner-2024,2024-10-07 19:00:02+00:00,zscore_spike_manual,medium,"{'mode': 'manual_sql', 'price': 0.536, 'window': 30, 'z_score': 2.156782546713368, 'detector': 'ZScoreDetector', 'threshold': 2.5, 'market_slug': 'presidential-election-winner-2024'}",,
612,presidential-election-winner-2024,2024-10-07 18:00:02+00:00,zscore_spike_manual,medium,"{'mode': 'manual_sql', 'price': 0.538, 'window': 30, 'z_score': 2.6498841500469306, 'detector': 'ZScoreDetector', 'threshold': 2.5, 'market_slug': 'presidential-election-winner-2024'}",,
611,presidential-election-winner-2024,2024-10-07 17:00:02+00:00,zscore_spike_manual,medium,"{'mode': 'manual_sql', 'price': 0.535, 'window': 30, 'z_score': 2.8186673491451844, 'detector': 'ZScoreDetector', 'threshold': 2.5, 'market_slug': 'presidential-election-winner-2024'}",,
610,presidential-election-winner-2024,2024-10-07 16:00:02+00:00,zscore_spike_manual,medium,"{'mode': 'manual_sql', 'price': 0.5285, 'window': 30, 'z_score': 2.5676366410388796, 'detector': 'ZScoreDetector', 'threshold': 2.5, 'market_slug': 'presidential-election-winner-2024'}",,
609,presidential-election-winner-2024,2024-10-07 15:00:01+00:00,zscore_spike_manual,high,"{'mode': 'manual_sql', 'price': 0.5425, 'window': 30, 'z_score': 5.193005208149315, 'detector': 'ZScoreDetector', 'threshold': 2.5, 'market_slug': 'presidential-election-winner-2024'}",,
608,presidential-election-winner-2024,2024-10-06 14:00:02+00:00,zscore_spike_manual,medium,"{'mode': 'manual_sql', 'price': 0.5075, 'window': 30, 'z_score': 1.8449763850229646, 'detector': 'ZScoreDetector', 'threshold': 2.5, 'market_slug': 'presidential-election-winner-2024'}",,
607,presidential-election-winner-2024,2024-10-06 13:00:02+00:00,zscore_spike_manual,medium,"{'mode': 'manual_sql', 'price': 0.5065, 'window': 30, 'z_score': 1.6944872760608078, 'detector': 'ZScoreDetector', 'threshold': 2.5, 'market_slug': 'presidential-election-winner-2024'}",,
606,presidential-election-winner-2024,2024-10-06 10:00:02+00:00,zscore_spike_manual,medium,"{'mode': 'manual_sql', 'price': 0.5055, 'window': 30, 'z_score': 1.7170903100246222, 'detector': 'ZScoreDetector', 'threshold': 2.5, 'market_slug': 'presidential-election-winner-2024'}",,
605,presidential-election-winner-2024,2024-10-06 09:00:02+00:00,zscore_spike_manual,medium,"{'mode': 'manual_sql', 'price': 0.5075, 'window': 30, 'z_score': 2.5923591259833776, 'detector': 'ZScoreDetector', 'threshold': 2.5, 'market_slug': 'presidential-election-winner-2024'}",,
604,presidential-election-winner-2024,2024-10-06 08:00:02+00:00,zscore_spike_manual,medium,"{'mode': 'manual_sql', 'price': 0.5065, 'window': 30, 'z_score': 2.600118205809638, 'detector': 'ZScoreDetector', 'threshold': 2.5, 'market_slug': 'presidential-election-winner-2024'}",,
603,presidential-election-winner-2024,2024-10-06 05:00:02+00:00,zscore_spike_manual,medium,"{'mode': 'manual_sql', 'price': 0.5035, 'window': 30, 'z_score': 1.9936852062960777, 'detector': 'ZScoreDetector', 'threshold': 2.5, 'market_slug': 'presidential-election-winner-2024'}",,
602,presidential-election-winner-2024,2024-10-06 04:00:02+00:00,zscore_spike_manual,medium,"{'mode': 'manual_sql', 'price': 0.5035, 'window': 30, 'z_score': 2.2272887982521397, 'detector': 'ZScoreDetector', 'threshold': 2.5, 'market_slug': 'presidential-election-winner-2024'}",,
601,presidential-election-winner-2024,2024-10-05 22:00:02+00:00,zscore_spike_manual,medium,"{'mode': 'manual_sql', 'price': 0.502, 'window': 30, 'z_score': 2.130605149848038, 'detector': 'ZScoreDetector', 'threshold': 2.5, 'market_slug': 'presidential-election-winner-2024'}",,
600,presidential-election-winner-2024,2024-10-04 21:00:02+00:00,zscore_spike_manual,medium,"{'mode': 'manual_sql', 'price': 0.5015, 'window': 30, 'z_score': 3.458070771590692, 'detector': 'ZScoreDetector', 'threshold': 2.5, 'market_slug': 'presidential-election-winner-2024'}",,
599,presidential-election-winner-2024,2024-10-03 11:00:02+00:00,zscore_spike_manual,medium,"{'mode': 'manual_sql', 'price': 0.4965, 'window': 30, 'z_score': 2.5505928773559927, 'detector': 'ZScoreDetector', 'threshold': 2.5, 'market_slug': 'presidential-election-winner-2024'}",,
598,presidential-election-winner-2024,2024-10-01 17:00:03+00:00,zscore_spike_manual,medium,"{'mode': 'manual_sql', 'price': 0.4805, 'window': 30, 'z_score': -3.07723703265658, 'detector': 'ZScoreDetector', 'threshold': 2.5, 'market_slug': 'presidential-election-winner-2024'}",,
597,presidential-election-winner-2024,2024-10-01 16:00:02+00:00,zscore_spike_manual,medium,"{'mode': 'manual_sql', 'price': 0.4815, 'window': 30, 'z_score': -3.428621280659635, 'detector': 'ZScoreDetector', 'threshold': 2.5, 'market_slug': 'presidential-election-winner-2024'}",,
596,presidential-election-winner-2024,2024-10-01 15:00:02+00:00,zscore_spike_manual,medium,"{'mode': 'manual_sql', 'price': 0.4835, 'window': 30, 'z_score': -3.4138351509346028, 'detector': 'ZScoreDetector', 'threshold': 2.5, 'market_slug': 'presidential-election-winner-2024'}",,
595,presidential-election-winner-2024,2024-10-01 14:00:02+00:00,zscore_spike_manual,high,"{'mode': 'manual_sql', 'price': 0.4835, 'window': 30, 'z_score': -4.565665246794264, 'detector': 'ZScoreDetector', 'threshold': 2.5, 'market_slug': 'presidential-election-winner-2024'}",,
594,presidential-election-winner-2024,2024-09-29 05:00:02+00:00,zscore_spike_manual,medium,"{'mode': 'manual_sql', 'price': 0.4895, 'window': 30, 'z_score': 3.142095226853429, 'detector': 'ZScoreDetector', 'threshold': 2.5, 'market_slug': 'presidential-election-winner-2024'}",,
593,presidential-election-winner-2024,2024-09-29 04:00:03+00:00,zscore_spike_manual,medium,"{'mode': 'manual_sql', 'price': 0.4885, 'window': 30, 'z_score': 3.2051546150371175, 'detector': 'ZScoreDetector', 'threshold': 2.5, 'market_slug': 'presidential-election-winner-2024'}",,
592,presidential-election-winner-2024,2024-09-29 03:00:03+00:00,zscore_spike_manual,medium,"{'mode': 'manual_sql', 'price': 0.4875, 'window': 30, 'z_score': 3.108285933060453, 'detector': 'ZScoreDetector', 'threshold': 2.5, 'market_slug': 'presidential-election-winner-2024'}",,
591,presidential-election-winner-2024,2024-09-25 15:00:02+00:00,zscore_spike_manual,medium,"{'mode': 'manual_sql', 'price': 0.4875, 'window': 30, 'z_score': 3.2391845051557753, 'detector': 'ZScoreDetector', 'threshold': 2.5, 'market_slug': 'presidential-election-winner-2024'}",,
590,presidential-election-winner-2024,2024-09-25 14:00:02+00:00,zscore_spike_manual,medium,"{'mode': 'manual_sql', 'price': 0.4855, 'window': 30, 'z_score': 2.7588324744187203, 'detector': 'ZScoreDetector', 'threshold': 2.5, 'market_slug': 'presidential-election-winner-2024'}",,
589,presidential-election-winner-2024,2024-09-25 09:00:02+00:00,zscore_spike_manual,medium,"{'mode': 'manual_sql', 'price': 0.4845, 'window': 30, 'z_score': 2.802803634013177, 'detector': 'ZScoreDetector', 'threshold': 2.5, 'market_slug': 'presidential-election-winner-2024'}",,
588,presidential-election-winner-2024,2024-09-23 15:00:02+00:00,zscore_spike_manual,medium,"{'mode': 'manual_sql', 'price': 0.4785, 'window': 30, 'z_score': 2.597094115354736, 'detector': 'ZScoreDetector', 'threshold': 2.5, 'market_slug': 'presidential-election-winner-2024'}",,
587,presidential-election-winner-2024,2024-09-22 19:00:02+00:00,zscore_spike_manual,medium,"{'mode': 'manual_sql', 'price': 0.4695, 'window': 30, 'z_score': -2.520580979802481, 'detector': 'ZScoreDetector', 'threshold': 2.5, 'market_slug': 'presidential-election-winner-2024'}",,
586,presidential-election-winner-2024,2024-09-22 17:00:02+00:00,zscore_spike_manual,medium,"{'mode': 'manual_sql', 'price': 0.4705, 'window': 30, 'z_score': -2.794186346533399, 'detector': 'ZScoreDetector', 'threshold': 2.5, 'market_slug': 'presidential-election-winner-2024'}",,
585,presidential-election-winner-2024,2024-09-22 01:00:02+00:00,zscore_spike_manual,medium,"{'mode': 'manual_sql', 'price': 0.4735, 'window': 30, 'z_score': -3.117857872865087, 'detector': 'ZScoreDetector', 'threshold': 2.5, 'market_slug': 'presidential-election-winner-2024'}",,
584,presidential-election-winner-2024,2024-09-19 07:00:02+00:00,zscore_spike_manual,medium,"{'mode': 'manual_sql', 'price': 0.4615, 'window': 30, 'z_score': -1.8871908272164104, 'detector': 'ZScoreDetector', 'threshold': 2.5, 'market_slug': 'presidential-election-winner-2024'}",,
583,presidential-election-winner-2024,2024-09-19 06:00:02+00:00,zscore_spike_manual,medium,"{'mode': 'manual_sql', 'price': 0.4635, 'window': 30, 'z_score': -1.7984470087808302, 'detector': 'ZScoreDetector', 'threshold': 2.5, 'market_slug': 'presidential-election-winner-2024'}",,
582,presidential-election-winner-2024,2024-09-19 03:00:02+00:00,zscore_spike_manual,medium,"{'mode': 'manual_sql', 'price': 0.4645, 'window': 30, 'z_score': -2.1301761355925106, 'detector': 'ZScoreDetector', 'threshold': 2.5, 'market_slug': 'presidential-election-winner-2024'}",,
581,presidential-election-winner-2024,2024-09-19 02:00:02+00:00,zscore_spike_manual,medium,"{'mode': 'manual_sql', 'price': 0.4655, 'window': 30, 'z_score': -2.2242892769497304, 'detector': 'ZScoreDetector', 'threshold': 2.5, 'market_slug': 'presidential-election-winner-2024'}",,
580,presidential-election-winner-2024,2024-09-19 01:00:02+00:00,zscore_spike_manual,medium,"{'mode': 'manual_sql', 'price': 0.4635, 'window': 30, 'z_score': -2.9273286350527483, 'detector': 'ZScoreDetector', 'threshold': 2.5, 'market_slug': 'presidential-election-winner-2024'}",,
579,presidential-election-winner-2024,2024-09-19 00:00:01+00:00,zscore_spike_manual,medium,"{'mode': 'manual_sql', 'price': 0.4675, 'window': 30, 'z_score': -2.6893368495420185, 'detector': 'ZScoreDetector', 'threshold': 2.5, 'market_slug': 'presidential-election-winner-2024'}",,
578,presidential-election-winner-2024,2024-09-18 23:00:02+00:00,zscore_spike_manual,medium,"{'mode': 'manual_sql', 'price': 0.4685, 'window': 30, 'z_score': -2.9634232800307214, 'detector': 'ZScoreDetector', 'threshold': 2.5, 'market_slug': 'presidential-election-winner-2024'}",,
577,presidential-election-winner-2024,2024-09-18 22:00:02+00:00,zscore_spike_manual,medium,"{'mode': 'manual_sql', 'price': 0.4715, 'window': 30, 'z_score': -2.721891097520782, 'detector': 'ZScoreDetector', 'threshold': 2.5, 'market_slug': 'presidential-election-winner-2024'}",,
576,presidential-election-winner-2024,2024-09-18 21:00:02+00:00,zscore_spike_manual,medium,"{'mode': 'manual_sql', 'price': 0.4735, 'window': 30, 'z_score': -2.5237086300209017, 'detector': 'ZScoreDetector', 'threshold': 2.5, 'market_slug': 'presidential-election-winner-2024'}",,
575,presidential-election-winner-2024,2024-09-18 20:00:02+00:00,zscore_spike_manual,medium,"{'mode': 'manual_sql', 'price': 0.474, 'window': 30, 'z_score': -2.7580525860158778, 'detector': 'ZScoreDetector', 'threshold': 2.5, 'market_slug': 'presidential-election-winner-2024'}",,
574,presidential-election-winner-2024,2024-09-18 19:00:02+00:00,zscore_spike_manual,high,"{'mode': 'manual_sql', 'price': 0.4725, 'window': 30, 'z_score': -4.009428294847533, 'detector': 'ZScoreDetector', 'threshold': 2.5, 'market_slug': 'presidential-election-winner-2024'}",,
573,presidential-election-winner-2024,2024-09-18 18:00:02+00:00,zscore_spike_manual,medium,"{'mode': 'manual_sql', 'price': 0.4765, 'window': 30, 'z_score': -3.1037527293270113, 'detector': 'ZScoreDetector', 'threshold': 2.5, 'market_slug': 'presidential-election-winner-2024'}",,
572,presidential-election-winner-2024,2024-09-17 18:00:02+00:00,zscore_spike_manual,medium,"{'mode': 'manual_sql', 'price': 0.4805, 'window': 30, 'z_score': -1.9305200414731334, 'detector': 'ZScoreDetector', 'threshold': 2.5, 'market_slug': 'presidential-election-winner-2024'}",,
571,presidential-election-winner-2024,2024-09-17 17:00:02+00:00,zscore_spike_manual,medium,"{'mode': 'manual_sql', 'price': 0.4805, 'window': 30, 'z_score': -2.1524822784661377, 'detector': 'ZScoreDetector', 'threshold': 2.5, 'market_slug': 'presidential-election-winner-2024'}",,
570,presidential-election-winner-2024,2024-09-17 16:00:03+00:00,zscore_spike_manual,medium,"{'mode': 'manual_sql', 'price': 0.4805, 'window': 30, 'z_score': -2.444010450277304, 'detector': 'ZScoreDetector', 'threshold': 2.5, 'market_slug': 'presidential-election-winner-2024'}",,
569,presidential-election-winner-2024,2024-09-17 15:00:02+00:00,zscore_spike_manual,medium,"{'mode': 'manual_sql', 'price': 0.4815, 'window': 30, 'z_score': -2.5361396707795003, 'detector': 'ZScoreDetector', 'threshold': 2.5, 'market_slug': 'presidential-election-winner-2024'}",,
568,presidential-election-winner-2024,2024-09-16 02:00:02+00:00,zscore_spike_manual,medium,"{'mode': 'manual_sql', 'price': 0.497, 'window': 30, 'z_score': 2.0465523264138668, 'detector': 'ZScoreDetector', 'threshold': 2.5, 'market_slug': 'presidential-election-winner-2024'}",,
567,presidential-election-winner-2024,2024-09-15 22:00:02+00:00,zscore_spike_manual,medium,"{'mode': 'manual_sql', 'price': 0.4975, 'window': 30, 'z_score': 2.9472861482542534, 'detector': 'ZScoreDetector', 'threshold': 2.5, 'market_slug': 'presidential-election-winner-2024'}",,
566,presidential-election-winner-2024,2024-09-15 19:00:02+00:00,zscore_spike_manual,medium,"{'mode': 'manual_sql', 'price': 0.4935, 'window': 30, 'z_score': 2.5196524857003304, 'detector': 'ZScoreDetector', 'threshold': 2.5, 'market_slug': 'presidential-election-winner-2024'}",,
565,presidential-election-winner-2024,2024-09-15 18:00:02+00:00,zscore_spike_manual,medium,"{'mode': 'manual_sql', 'price': 0.493, 'window': 30, 'z_score': 2.6393505854505444, 'detector': 'ZScoreDetector', 'threshold': 2.5, 'market_slug': 'presidential-election-winner-2024'}",,
564,presidential-election-winner-2024,2024-09-15 13:00:02+00:00,zscore_spike_manual,medium,"{'mode': 'manual_sql', 'price': 0.4825, 'window': 30, 'z_score': -3.03370352576182, 'detector': 'ZScoreDetector', 'threshold': 2.5, 'market_slug': 'presidential-election-winner-2024'}",,
563,presidential-election-winner-2024,2024-09-14 02:00:02+00:00,zscore_spike_manual,medium,"{'mode': 'manual_sql', 'price': 0.4895, 'window': 30, 'z_score': -2.8812106086027938, 'detector': 'ZScoreDetector', 'threshold': 2.5, 'market_slug': 'presidential-election-winner-2024'}",,
562,presidential-election-winner-2024,2024-09-11 09:00:01+00:00,zscore_spike_manual,medium,"{'mode': 'manual_sql', 'price': 0.4845, 'window': 30, 'z_score': -1.9985057404274642, 'detector': 'ZScoreDetector', 'threshold': 2.5, 'market_slug': 'presidential-election-winner-2024'}",,
561,presidential-election-winner-2024,2024-09-11 04:00:01+00:00,zscore_spike_manual,medium,"{'mode': 'manual_sql', 'price': 0.489, 'window': 30, 'z_score': -2.8742949794879826, 'detector': 'ZScoreDetector', 'threshold': 2.5, 'market_slug': 'presidential-election-winner-2024'}",,
560,presidential-election-winner-2024,2024-09-11 03:00:02+00:00,zscore_spike_manual,medium,"{'mode': 'manual_sql', 'price': 0.4875, 'window': 30, 'z_score': -3.716979823376796, 'detector': 'ZScoreDetector', 'threshold': 2.5, 'market_slug': 'presidential-election-winner-2024'}",,
559,presidential-election-winner-2024,2024-09-11 02:00:01+00:00,zscore_spike_manual,high,"{'mode': 'manual_sql', 'price': 0.4905, 'window': 30, 'z_score': -4.914423654863083, 'detector': 'ZScoreDetector', 'threshold': 2.5, 'market_slug': 'presidential-election-winner-2024'}",,
558,presidential-election-winner-2024,2024-09-09 22:00:02+00:00,zscore_spike_manual,medium,"{'mode': 'manual_sql', 'price': 0.5235, 'window': 30, 'z_score': 2.642829951326272, 'detector': 'ZScoreDetector', 'threshold': 2.5, 'market_slug': 'presidential-election-winner-2024'}",,
557,presidential-election-winner-2024,2024-09-09 21:00:02+00:00,zscore_spike_manual,medium,"{'mode': 'manual_sql', 'price': 0.522, 'window': 30, 'z_score': 2.5395330834065977, 'detector': 'ZScoreDetector', 'threshold': 2.5, 'market_slug': 'presidential-election-winner-2024'}",,
556,presidential-election-winner-2024,2024-09-06 20:00:02+00:00,zscore_spike_manual,medium,"{'mode': 'manual_sql', 'price': 0.5085, 'window': 30, 'z_score': -2.6898635596484066, 'detector': 'ZScoreDetector', 'threshold': 2.5, 'market_slug': 'presidential-election-winner-2024'}",,
555,presidential-election-winner-2024,2024-09-06 19:00:03+00:00,zscore_spike_manual,medium,"{'mode': 'manual_sql', 'price': 0.5055, 'window': 30, 'z_score': -3.7382170807051778, 'detector': 'ZScoreDetector', 'threshold': 2.5, 'market_slug': 'presidential-election-winner-2024'}",,
554,presidential-election-winner-2024,2024-09-06 18:00:02+00:00,zscore_spike_manual,high,"{'mode': 'manual_sql', 'price': 0.5115, 'window': 30, 'z_score': -4.037086012980935, 'detector': 'ZScoreDetector', 'threshold': 2.5, 'market_slug': 'presidential-election-winner-2024'}",,
553,presidential-election-winner-2024,2024-09-06 17:00:02+00:00,zscore_spike_manual,medium,"{'mode': 'manual_sql', 'price': 0.5185, 'window': 30, 'z_score': -3.877508105696603, 'detector': 'ZScoreDetector', 'threshold': 2.5, 'market_slug': 'presidential-election-winner-2024'}",,
552,presidential-election-winner-2024,2024-09-05 03:00:02+00:00,zscore_spike_manual,medium,"{'mode': 'manual_sql', 'price': 0.5285, 'window': 30, 'z_score': 1.5621476090278725, 'detector': 'ZScoreDetector', 'threshold': 2.5, 'market_slug': 'presidential-election-winner-2024'}",,
551,presidential-election-winner-2024,2024-09-05 02:00:02+00:00,zscore_spike_manual,medium,"{'mode': 'manual_sql', 'price': 0.5285, 'window': 30, 'z_score': 1.6942148247656683, 'detector': 'ZScoreDetector', 'threshold': 2.5, 'market_slug': 'presidential-election-winner-2024'}",,
550,presidential-election-winner-2024,2024-09-05 01:00:02+00:00,zscore_spike_manual,medium,"{'mode': 'manual_sql', 'price': 0.5285, 'window': 30, 'z_score': 1.8581516645906686, 'detector': 'ZScoreDetector', 'threshold': 2.5, 'market_slug': 'presidential-election-winner-2024'}",,
549,presidential-election-winner-2024,2024-09-05 00:00:02+00:00,zscore_spike_manual,medium,"{'mode': 'manual_sql', 'price': 0.5295, 'window': 30, 'z_score': 2.2386778926880857, 'detector': 'ZScoreDetector', 'threshold': 2.5, 'market_slug': 'presidential-election-winner-2024'}",,
548,presidential-election-winner-2024,2024-09-04 23:00:02+00:00,zscore_spike_manual,medium,"{'mode': 'manual_sql', 'price': 0.5285, 'window': 30, 'z_score': 2.3652785876865696, 'detector': 'ZScoreDetector', 'threshold': 2.5, 'market_slug': 'presidential-election-winner-2024'}",,
547,presidential-election-winner-2024,2024-09-04 22:00:02+00:00,zscore_spike_manual,medium,"{'mode': 'manual_sql', 'price': 0.5275, 'window': 30, 'z_score': 2.5219754212103407, 'detector': 'ZScoreDetector', 'threshold': 2.5, 'market_slug': 'presidential-election-winner-2024'}",,
546,presidential-election-winner-2024,2024-09-04 21:00:02+00:00,zscore_spike_manual,medium,"{'mode': 'manual_sql', 'price': 0.5275, 'window': 30, 'z_score': 2.9725626061110275, 'detector': 'ZScoreDetector', 'threshold': 2.5, 'market_slug': 'presidential-election-winner-2024'}",,
545,presidential-election-winner-2024,2024-09-04 20:00:02+00:00,zscore_spike_manual,medium,"{'mode': 'manual_sql', 'price': 0.5245, 'window': 30, 'z_score': 2.8192337588337057, 'detector': 'ZScoreDetector', 'threshold': 2.5, 'market_slug': 'presidential-election-winner-2024'}",,
544,presidential-election-winner-2024,2024-09-02 03:00:01+00:00,zscore_spike_manual,medium,"{'mode': 'manual_sql', 'price': 0.511, 'window': 30, 'z_score': 2.349618245711043, 'detector': 'ZScoreDetector', 'threshold': 2.5, 'market_slug': 'presidential-election-winner-2024'}",,
543,presidential-election-winner-2024,2024-08-31 18:00:02+00:00,zscore_spike_manual,medium,"{'mode': 'manual_sql', 'price': 0.5015, 'window': 30, 'z_score': 2.6038257768466733, 'detector': 'ZScoreDetector', 'threshold': 2.5, 'market_slug': 'presidential-election-winner-2024'}",,
542,presidential-election-winner-2024,2024-08-30 02:00:02+00:00,zscore_spike_manual,medium,"{'mode': 'manual_sql', 'price': 0.4925, 'window': 30, 'z_score': -3.1846255879700265, 'detector': 'ZScoreDetector', 'threshold': 2.5, 'market_slug': 'presidential-election-winner-2024'}",,
541,presidential-election-winner-2024,2024-08-30 01:00:02+00:00,zscore_spike_manual,high,"{'mode': 'manual_sql', 'price': 0.4925, 'window': 30, 'z_score': -4.10436564462, 'detector': 'ZScoreDetector', 'threshold': 2.5, 'market_slug': 'presidential-election-winner-2024'}",,
540,presidential-election-winner-2024,2024-08-27 06:00:01+00:00,zscore_spike_manual,medium,"{'mode': 'manual_sql', 'price': 0.501, 'window': 30, 'z_score': 2.5463637003705735, 'detector': 'ZScoreDetector', 'threshold': 2.5, 'market_slug': 'presidential-election-winner-2024'}",,
539,presidential-election-winner-2024,2024-08-27 05:00:01+00:00,zscore_spike_manual,medium,"{'mode': 'manual_sql', 'price': 0.501, 'window': 30, 'z_score': 3.008016596019002, 'detector': 'ZScoreDetector', 'threshold': 2.5, 'market_slug': 'presidential-election-winner-2024'}",,
538,presidential-election-winner-2024,2024-08-25 04:00:01+00:00,zscore_spike_manual,medium,"{'mode': 'manual_sql', 'price': 0.4915, 'window': 30, 'z_score': -2.870847224486068, 'detector': 'ZScoreDetector', 'threshold': 2.5, 'market_slug': 'presidential-election-winner-2024'}",,
537,presidential-election-winner-2024,2024-08-25 03:00:01+00:00,zscore_spike_manual,medium,"{'mode': 'manual_sql', 'price': 0.4915, 'window': 30, 'z_score': -3.538768199773416, 'detector': 'ZScoreDetector', 'threshold': 2.5, 'market_slug': 'presidential-election-winner-2024'}",,
536,presidential-election-winner-2024,2024-08-23 17:00:01+00:00,zscore_spike_manual,medium,"{'mode': 'manual_sql', 'price': 0.494, 'window': 30, 'z_score': -2.709526553894001, 'detector': 'ZScoreDetector', 'threshold': 2.5, 'market_slug': 'presidential-election-winner-2024'}",,
535,presidential-election-winner-2024,2024-08-22 20:00:02+00:00,zscore_spike_manual,medium,"{'mode': 'manual_sql', 'price': 0.5115, 'window': 30, 'z_score': -2.7218973334453156, 'detector': 'ZScoreDetector', 'threshold': 2.5, 'market_slug': 'presidential-election-winner-2024'}",,
534,presidential-election-winner-2024,2024-08-21 08:00:02+00:00,zscore_spike_manual,medium,"{'mode': 'manual_sql', 'price': 0.518, 'window': 30, 'z_score': 1.5060126713323918, 'detector': 'ZScoreDetector', 'threshold': 2.5, 'market_slug': 'presidential-election-winner-2024'}",,
533,presidential-election-winner-2024,2024-08-21 07:00:02+00:00,zscore_spike_manual,medium,"{'mode': 'manual_sql', 'price': 0.5165, 'window': 30, 'z_score': 1.5232402815034183, 'detector': 'ZScoreDetector', 'threshold': 2.5, 'market_slug': 'presidential-election-winner-2024'}",,
532,presidential-election-winner-2024,2024-08-21 06:00:02+00:00,zscore_spike_manual,medium,"{'mode': 'manual_sql', 'price': 0.518, 'window': 30, 'z_score': 1.769747154932611, 'detector': 'ZScoreDetector', 'threshold': 2.5, 'market_slug': 'presidential-election-winner-2024'}",,
531,presidential-election-winner-2024,2024-08-21 05:00:02+00:00,zscore_spike_manual,medium,"{'mode': 'manual_sql', 'price': 0.5185, 'window': 30, 'z_score': 1.9908033078449183, 'detector': 'ZScoreDetector', 'threshold': 2.5, 'market_slug': 'presidential-election-winner-2024'}",,
530,presidential-election-winner-2024,2024-08-21 04:00:02+00:00,zscore_spike_manual,medium,"{'mode': 'manual_sql', 'price': 0.5185, 'window': 30, 'z_score': 2.2276641788346048, 'detector': 'ZScoreDetector', 'threshold': 2.5, 'market_slug': 'presidential-election-winner-2024'}",,
529,presidential-election-winner-2024,2024-08-21 03:00:02+00:00,zscore_spike_manual,medium,"{'mode': 'manual_sql', 'price': 0.519, 'window': 30, 'z_score': 2.5834155543920856, 'detector': 'ZScoreDetector', 'threshold': 2.5, 'market_slug': 'presidential-election-winner-2024'}",,
528,presidential-election-winner-2024,2024-08-21 02:00:02+00:00,zscore_spike_manual,medium,"{'mode': 'manual_sql', 'price': 0.5185, 'window': 30, 'z_score': 2.946016555888998, 'detector': 'ZScoreDetector', 'threshold': 2.5, 'market_slug': 'presidential-election-winner-2024'}",,
527,presidential-election-winner-2024,2024-08-21 01:00:02+00:00,zscore_spike_manual,medium,"{'mode': 'manual_sql', 'price': 0.512, 'window': 30, 'z_score': 2.7312502220803268, 'detector': 'ZScoreDetector', 'threshold': 2.5, 'market_slug': 'presidential-election-winner-2024'}",,
526,presidential-election-winner-2024,2024-08-20 23:00:01+00:00,zscore_spike_manual,medium,"{'mode': 'manual_sql', 'price': 0.504, 'window': 30, 'z_score': 2.27168121222053, 'detector': 'ZScoreDetector', 'threshold': 2.5, 'market_slug': 'presidential-election-winner-2024'}",,
525,presidential-election-winner-2024,2024-08-20 20:00:02+00:00,zscore_spike_manual,medium,"{'mode': 'manual_sql', 'price': 0.501, 'window': 30, 'z_score': 2.6544611229143737, 'detector': 'ZScoreDetector', 'threshold': 2.5, 'market_slug': 'presidential-election-winner-2024'}",,
524,presidential-election-winner-2024,2024-08-19 07:00:02+00:00,zscore_spike_manual,medium,"{'mode': 'manual_sql', 'price': 0.469, 'window': 30, 'z_score': -2.780627536617247, 'detector': 'ZScoreDetector', 'threshold': 2.5, 'market_slug': 'presidential-election-winner-2024'}",,
523,presidential-election-winner-2024,2024-08-19 06:00:02+00:00,zscore_spike_manual,medium,"{'mode': 'manual_sql', 'price': 0.469, 'window': 30, 'z_score': -3.3378998056121025, 'detector': 'ZScoreDetector', 'threshold': 2.5, 'market_slug': 'presidential-election-winner-2024'}",,
522,presidential-election-winner-2024,2024-08-19 05:00:02+00:00,zscore_spike_manual,medium,"{'mode': 'manual_sql', 'price': 0.4745, 'window': 30, 'z_score': -2.970939710333356, 'detector': 'ZScoreDetector', 'threshold': 2.5, 'market_slug': 'presidential-election-winner-2024'}",,
521,presidential-election-winner-2024,2024-08-19 04:00:02+00:00,zscore_spike_manual,medium,"{'mode': 'manual_sql', 'price': 0.4775, 'window': 30, 'z_score': -2.665862405410733, 'detector': 'ZScoreDetector', 'threshold': 2.5, 'market_slug': 'presidential-election-winner-2024'}",,
520,presidential-election-winner-2024,2024-08-19 03:00:02+00:00,zscore_spike_manual,medium,"{'mode': 'manual_sql', 'price': 0.477, 'window': 30, 'z_score': -3.0514371609848316, 'detector': 'ZScoreDetector', 'threshold': 2.5, 'market_slug': 'presidential-election-winner-2024'}",,
519,presidential-election-winner-2024,2024-08-18 02:00:02+00:00,zscore_spike_manual,medium,"{'mode': 'manual_sql', 'price': 0.49, 'window': 30, 'z_score': 1.5208864300924867, 'detector': 'ZScoreDetector', 'threshold': 2.5, 'market_slug': 'presidential-election-winner-2024'}",,
518,presidential-election-winner-2024,2024-08-18 01:00:02+00:00,zscore_spike_manual,medium,"{'mode': 'manual_sql', 'price': 0.4905, 'window': 30, 'z_score': 1.6634769067764286, 'detector': 'ZScoreDetector', 'threshold': 2.5, 'market_slug': 'presidential-election-winner-2024'}",,
517,presidential-election-winner-2024,2024-08-18 00:00:02+00:00,zscore_spike_manual,medium,"{'mode': 'manual_sql', 'price': 0.4865, 'window': 30, 'z_score': 1.4724354482425999, 'detector': 'ZScoreDetector', 'threshold': 2.5, 'market_slug': 'presidential-election-winner-2024'}",,
516,presidential-election-winner-2024,2024-08-17 19:00:02+00:00,zscore_spike_manual,medium,"{'mode': 'manual_sql', 'price': 0.48, 'window': 30, 'z_score': 1.3595921109287699, 'detector': 'ZScoreDetector', 'threshold': 2.5, 'market_slug': 'presidential-election-winner-2024'}",,
515,presidential-election-winner-2024,2024-08-17 18:00:02+00:00,zscore_spike_manual,medium,"{'mode': 'manual_sql', 'price': 0.4805, 'window': 30, 'z_score': 1.4920338583469515, 'detector': 'ZScoreDetector', 'threshold': 2.5, 'market_slug': 'presidential-election-winner-2024'}",,
514,presidential-election-winner-2024,2024-08-17 17:00:01+00:00,zscore_spike_manual,medium,"{'mode': 'manual_sql', 'price': 0.479, 'window': 30, 'z_score': 1.50062459288814, 'detector': 'ZScoreDetector', 'threshold': 2.5, 'market_slug': 'presidential-election-winner-2024'}",,
513,presidential-election-winner-2024,2024-08-17 12:00:02+00:00,zscore_spike_manual,medium,"{'mode': 'manual_sql', 'price': 0.4795, 'window': 30, 'z_score': 2.038363793027885, 'detector': 'ZScoreDetector', 'threshold': 2.5, 'market_slug': 'presidential-election-winner-2024'}",,
512,presidential-election-winner-2024,2024-08-17 11:00:02+00:00,zscore_spike_manual,medium,"{'mode': 'manual_sql', 'price': 0.485, 'window': 30, 'z_score': 2.730155776831387, 'detector': 'ZScoreDetector', 'threshold': 2.5, 'market_slug': 'presidential-election-winner-2024'}",,
511,presidential-election-winner-2024,2024-08-17 10:00:02+00:00,zscore_spike_manual,medium,"{'mode': 'manual_sql', 'price': 0.481, 'window': 30, 'z_score': 2.911179361040104, 'detector': 'ZScoreDetector', 'threshold': 2.5, 'market_slug': 'presidential-election-winner-2024'}",,
510,presidential-election-winner-2024,2024-08-17 09:00:02+00:00,zscore_spike_manual,medium,"{'mode': 'manual_sql', 'price': 0.472, 'window': 30, 'z_score': 2.5947106112935208, 'detector': 'ZScoreDetector', 'threshold': 2.5, 'market_slug': 'presidential-election-winner-2024'}",,
509,presidential-election-winner-2024,2024-08-17 08:00:02+00:00,zscore_spike_manual,medium,"{'mode': 'manual_sql', 'price': 0.4685, 'window': 30, 'z_score': 2.631122945971769, 'detector': 'ZScoreDetector', 'threshold': 2.5, 'market_slug': 'presidential-election-winner-2024'}",,
508,presidential-election-winner-2024,2024-08-17 01:00:02+00:00,zscore_spike_manual,medium,"{'mode': 'manual_sql', 'price': 0.4555, 'window': 30, 'z_score': 2.6739376204928846, 'detector': 'ZScoreDetector', 'threshold': 2.5, 'market_slug': 'presidential-election-winner-2024'}",,
507,presidential-election-winner-2024,2024-08-17 00:00:02+00:00,zscore_spike_manual,medium,"{'mode': 'manual_sql', 'price': 0.4545, 'window': 30, 'z_score': 2.943706643827276, 'detector': 'ZScoreDetector', 'threshold': 2.5, 'market_slug': 'presidential-election-winner-2024'}",,
506,presidential-election-winner-2024,2024-08-16 23:00:01+00:00,zscore_spike_manual,medium,"{'mode': 'manual_sql', 'price': 0.4525, 'window': 30, 'z_score': 3.0277467591670475, 'detector': 'ZScoreDetector', 'threshold': 2.5, 'market_slug': 'presidential-election-winner-2024'}",,
505,presidential-election-winner-2024,2024-08-16 22:00:02+00:00,zscore_spike_manual,medium,"{'mode': 'manual_sql', 'price': 0.4495, 'window': 30, 'z_score': 2.65821201808953, 'detector': 'ZScoreDetector', 'threshold': 2.5, 'market_slug': 'presidential-election-winner-2024'}",,
504,presidential-election-winner-2024,2024-08-16 21:00:02+00:00,zscore_spike_manual,medium,"{'mode': 'manual_sql', 'price': 0.4495, 'window': 30, 'z_score': 3.167233925319014, 'detector': 'ZScoreDetector', 'threshold': 2.5, 'market_slug': 'presidential-election-winner-2024'}",,
503,presidential-election-winner-2024,2024-08-16 20:00:02+00:00,zscore_spike_manual,medium,"{'mode': 'manual_sql', 'price': 0.449, 'window': 30, 'z_score': 3.751150378795503, 'detector': 'ZScoreDetector', 'threshold': 2.5, 'market_slug': 'presidential-election-winner-2024'}",,
502,presidential-election-winner-2024,2024-08-16 19:00:02+00:00,zscore_spike_manual,medium,"{'mode': 'manual_sql', 'price': 0.4465, 'window': 30, 'z_score': 3.2657658363581663, 'detector': 'ZScoreDetector', 'threshold': 2.5, 'market_slug': 'presidential-election-winner-2024'}",,
501,presidential-election-winner-2024,2024-08-15 18:00:02+00:00,zscore_spike_manual,medium,"{'mode': 'manual_sql', 'price': 0.4415, 'window': 30, 'z_score': -1.8942984525754412, 'detector': 'ZScoreDetector', 'threshold': 2.5, 'market_slug': 'presidential-election-winner-2024'}",,
500,presidential-election-winner-2024,2024-08-15 17:00:01+00:00,zscore_spike_manual,medium,"{'mode': 'manual_sql', 'price': 0.442, 'window': 30, 'z_score': -1.8513457122084631, 'detector': 'ZScoreDetector', 'threshold': 2.5, 'market_slug': 'presidential-election-winner-2024'}",,
499,presidential-election-winner-2024,2024-08-15 13:00:02+00:00,zscore_spike_manual,medium,"{'mode': 'manual_sql', 'price': 0.4435, 'window': 30, 'z_score': -1.6834648503198506, 'detector': 'ZScoreDetector', 'threshold': 2.5, 'market_slug': 'presidential-election-winner-2024'}",,
498,presidential-election-winner-2024,2024-08-15 02:00:02+00:00,zscore_spike_manual,medium,"{'mode': 'manual_sql', 'price': 0.447, 'window': 30, 'z_score': -1.587898502437823, 'detector': 'ZScoreDetector', 'threshold': 2.5, 'market_slug': 'presidential-election-winner-2024'}",,
497,presidential-election-winner-2024,2024-08-15 01:00:01+00:00,zscore_spike_manual,medium,"{'mode': 'manual_sql', 'price': 0.447, 'window': 30, 'z_score': -1.730072081406522, 'detector': 'ZScoreDetector', 'threshold': 2.5, 'market_slug': 'presidential-election-winner-2024'}",,
496,presidential-election-winner-2024,2024-08-15 00:00:02+00:00,zscore_spike_manual,medium,"{'mode': 'manual_sql', 'price': 0.447, 'window': 30, 'z_score': -1.8878058008268428, 'detector': 'ZScoreDetector', 'threshold': 2.5, 'market_slug': 'presidential-election-winner-2024'}",,
495,presidential-election-winner-2024,2024-08-14 23:00:01+00:00,zscore_spike_manual,medium,"{'mode': 'manual_sql', 'price': 0.447, 'window': 30, 'z_score': -2.097706807145758, 'detector': 'ZScoreDetector', 'threshold': 2.5, 'market_slug': 'presidential-election-winner-2024'}",,
494,presidential-election-winner-2024,2024-08-14 22:00:02+00:00,zscore_spike_manual,medium,"{'mode': 'manual_sql', 'price': 0.448, 'window': 30, 'z_score': -1.9994088514048636, 'detector': 'ZScoreDetector', 'threshold': 2.5, 'market_slug': 'presidential-election-winner-2024'}",,
493,presidential-election-winner-2024,2024-08-14 21:00:02+00:00,zscore_spike_manual,medium,"{'mode': 'manual_sql', 'price': 0.4485, 'window': 30, 'z_score': -2.0376764413289616, 'detector': 'ZScoreDetector', 'threshold': 2.5, 'market_slug': 'presidential-election-winner-2024'}",,
492,presidential-election-winner-2024,2024-08-14 20:00:01+00:00,zscore_spike_manual,medium,"{'mode': 'manual_sql', 'price': 0.4475, 'window': 30, 'z_score': -2.702661605395644, 'detector': 'ZScoreDetector', 'threshold': 2.5, 'market_slug': 'presidential-election-winner-2024'}",,
491,presidential-election-winner-2024,2024-08-14 19:00:01+00:00,zscore_spike_manual,medium,"{'mode': 'manual_sql', 'price': 0.4495, 'window': 30, 'z_score': -2.2962407219489234, 'detector': 'ZScoreDetector', 'threshold': 2.5, 'market_slug': 'presidential-election-winner-2024'}",,
490,presidential-election-winner-2024,2024-08-14 17:00:02+00:00,zscore_spike_manual,medium,"{'mode': 'manual_sql', 'price': 0.449, 'window': 30, 'z_score': -3.255123238918549, 'detector': 'ZScoreDetector', 'threshold': 2.5, 'market_slug': 'presidential-election-winner-2024'}",,
489,presidential-election-winner-2024,2024-08-14 16:00:02+00:00,zscore_spike_manual,medium,"{'mode': 'manual_sql', 'price': 0.45, 'window': 30, 'z_score': -3.4429122435107717, 'detector': 'ZScoreDetector', 'threshold': 2.5, 'market_slug': 'presidential-election-winner-2024'}",,
488,presidential-election-winner-2024,2024-08-10 16:00:01+00:00,zscore_spike_manual,medium,"{'mode': 'manual_sql', 'price': 0.4555, 'window': 30, 'z_score': -2.6797977490508305, 'detector': 'ZScoreDetector', 'threshold': 2.5, 'market_slug': 'presidential-election-winner-2024'}",,
487,presidential-election-winner-2024,2024-08-09 23:00:02+00:00,zscore_spike_manual,medium,"{'mode': 'manual_sql', 'price': 0.474, 'window': 30, 'z_score': -2.5975704793775525, 'detector': 'ZScoreDetector', 'threshold': 2.5, 'market_slug': 'presidential-election-winner-2024'}",,
486,presidential-election-winner-2024,2024-08-09 22:00:02+00:00,zscore_spike_manual,medium,"{'mode': 'manual_sql', 'price': 0.475, 'window': 30, 'z_score': -2.750571858328245, 'detector': 'ZScoreDetector', 'threshold': 2.5, 'market_slug': 'presidential-election-winner-2024'}",,
485,presidential-election-winner-2024,2024-08-09 21:00:01+00:00,zscore_spike_manual,medium,"{'mode': 'manual_sql', 'price': 0.4775, 'window': 30, 'z_score': -2.585681674700563, 'detector': 'ZScoreDetector', 'threshold': 2.5, 'market_slug': 'presidential-election-winner-2024'}",,
484,presidential-election-winner-2024,2024-08-08 01:00:01+00:00,zscore_spike_manual,medium,"{'mode': 'manual_sql', 'price': 0.485, 'window': 30, 'z_score': -2.8356351628106538, 'detector': 'ZScoreDetector', 'threshold': 2.5, 'market_slug': 'presidential-election-winner-2024'}",,
483,presidential-election-winner-2024,2024-08-08 00:00:01+00:00,zscore_spike_manual,medium,"{'mode': 'manual_sql', 'price': 0.485, 'window': 30, 'z_score': -3.426211049495445, 'detector': 'ZScoreDetector', 'threshold': 2.5, 'market_slug': 'presidential-election-winner-2024'}",,
482,presidential-election-winner-2024,2024-08-07 23:00:02+00:00,zscore_spike_manual,medium,"{'mode': 'manual_sql', 'price': 0.495, 'window': 30, 'z_score': -2.7686274835583, 'detector': 'ZScoreDetector', 'threshold': 2.5, 'market_slug': 'presidential-election-winner-2024'}",,
481,presidential-election-winner-2024,2024-08-07 15:00:02+00:00,zscore_spike_manual,medium,"{'mode': 'manual_sql', 'price': 0.505, 'window': 30, 'z_score': -2.63222743915618, 'detector': 'ZScoreDetector', 'threshold': 2.5, 'market_slug': 'presidential-election-winner-2024'}",,
480,presidential-election-winner-2024,2024-08-05 03:00:01+00:00,zscore_spike_manual,medium,"{'mode': 'manual_sql', 'price': 0.505, 'window': 30, 'z_score': -1.9820858387761253, 'detector': 'ZScoreDetector', 'threshold': 2.5, 'market_slug': 'presidential-election-winner-2024'}",,
479,presidential-election-winner-2024,2024-08-04 20:00:01+00:00,zscore_spike_manual,medium,"{'mode': 'manual_sql', 'price': 0.515, 'window': 30, 'z_score': -2.5345828122917564, 'detector': 'ZScoreDetector', 'threshold': 2.5, 'market_slug': 'presidential-election-winner-2024'}",,
478,presidential-election-winner-2024,2024-08-04 19:00:01+00:00,zscore_spike_manual,medium,"{'mode': 'manual_sql', 'price': 0.515, 'window': 30, 'z_score': -2.777186698342412, 'detector': 'ZScoreDetector', 'threshold': 2.5, 'market_slug': 'presidential-election-winner-2024'}",,
477,presidential-election-winner-2024,2024-08-04 18:00:02+00:00,zscore_spike_manual,medium,"{'mode': 'manual_sql', 'price': 0.515, 'window': 30, 'z_score': -3.092043109921377, 'detector': 'ZScoreDetector', 'threshold': 2.5, 'market_slug': 'presidential-election-winner-2024'}",,
476,presidential-election-winner-2024,2024-08-03 21:00:01+00:00,zscore_spike_manual,medium,"{'mode': 'manual_sql', 'price': 0.545, 'window': 30, 'z_score': 2.68371895284223, 'detector': 'ZScoreDetector', 'threshold': 2.5, 'market_slug': 'presidential-election-winner-2024'}",,
475,presidential-election-winner-2024,2024-08-03 02:00:02+00:00,zscore_spike_manual,medium,"{'mode': 'manual_sql', 'price': 0.525, 'window': 30, 'z_score': -2.506657801405571, 'detector': 'ZScoreDetector', 'threshold': 2.5, 'market_slug': 'presidential-election-winner-2024'}",,
474,presidential-election-winner-2024,2024-08-03 01:00:01+00:00,zscore_spike_manual,medium,"{'mode': 'manual_sql', 'price': 0.525, 'window': 30, 'z_score': -2.506657801405571, 'detector': 'ZScoreDetector', 'threshold': 2.5, 'market_slug': 'presidential-election-winner-2024'}",,
473,presidential-election-winner-2024,2024-08-03 00:00:02+00:00,zscore_spike_manual,medium,"{'mode': 'manual_sql', 'price': 0.525, 'window': 30, 'z_score': -2.506657801405571, 'detector': 'ZScoreDetector', 'threshold': 2.5, 'market_slug': 'presidential-election-winner-2024'}",,
472,presidential-election-winner-2024,2024-08-01 07:00:01+00:00,zscore_spike_manual,medium,"{'mode': 'manual_sql', 'price': 0.545, 'window': 30, 'z_score': -1.4214812872381568, 'detector': 'ZScoreDetector', 'threshold': 2.5, 'market_slug': 'presidential-election-winner-2024'}",,
471,presidential-election-winner-2024,2024-08-01 06:00:02+00:00,zscore_spike_manual,medium,"{'mode': 'manual_sql', 'price': 0.545, 'window': 30, 'z_score': -1.5371159208345222, 'detector': 'ZScoreDetector', 'threshold': 2.5, 'market_slug': 'presidential-election-winner-2024'}",,
470,presidential-election-winner-2024,2024-08-01 05:00:01+00:00,zscore_spike_manual,medium,"{'mode': 'manual_sql', 'price': 0.545, 'window': 30, 'z_score': -1.671357473493995, 'detector': 'ZScoreDetector', 'threshold': 2.5, 'market_slug': 'presidential-election-winner-2024'}",,
469,presidential-election-winner-2024,2024-08-01 04:00:01+00:00,zscore_spike_manual,medium,"{'mode': 'manual_sql', 'price': 0.545, 'window': 30, 'z_score': -1.8309170330584368, 'detector': 'ZScoreDetector', 'threshold': 2.5, 'market_slug': 'presidential-election-winner-2024'}",,
468,presidential-election-winner-2024,2024-08-01 03:00:02+00:00,zscore_spike_manual,medium,"{'mode': 'manual_sql', 'price': 0.545, 'window': 30, 'z_score': -2.026404574639924, 'detector': 'ZScoreDetector', 'threshold': 2.5, 'market_slug': 'presidential-election-winner-2024'}",,
467,presidential-election-winner-2024,2024-08-01 02:00:02+00:00,zscore_spike_manual,medium,"{'mode': 'manual_sql', 'price': 0.535, 'window': 30, 'z_score': -2.9230300692908338, 'detector': 'ZScoreDetector', 'threshold': 2.5, 'market_slug': 'presidential-election-winner-2024'}",,
466,presidential-election-winner-2024,2024-08-01 01:00:02+00:00,zscore_spike_manual,medium,"{'mode': 'manual_sql', 'price': 0.535, 'window': 30, 'z_score': -3.6311393569120973, 'detector': 'ZScoreDetector', 'threshold': 2.5, 'market_slug': 'presidential-election-winner-2024'}",,
465,presidential-election-winner-2024,2024-08-01 00:00:02+00:00,zscore_spike_manual,medium,"{'mode': 'manual_sql', 'price': 0.555, 'window': 30, 'z_score': -3.0348416646719576, 'detector': 'ZScoreDetector', 'threshold': 2.5, 'market_slug': 'presidential-election-winner-2024'}",,
464,presidential-election-winner-2024,2024-07-31 23:00:02+00:00,zscore_spike_manual,medium,"{'mode': 'manual_sql', 'price': 0.565, 'window': 30, 'z_score': -2.5338752963549296, 'detector': 'ZScoreDetector', 'threshold': 2.5, 'market_slug': 'presidential-election-winner-2024'}",,
463,presidential-election-winner-2024,2024-07-31 22:00:02+00:00,zscore_spike_manual,medium,"{'mode': 'manual_sql', 'price': 0.565, 'window': 30, 'z_score': -2.984432723756512, 'detector': 'ZScoreDetector', 'threshold': 2.5, 'market_slug': 'presidential-election-winner-2024'}",,
462,presidential-election-winner-2024,2024-07-31 11:00:02+00:00,zscore_spike_manual,medium,"{'mode': 'manual_sql', 'price': 0.595, 'window': 30, 'z_score': 2.921186973371525, 'detector': 'ZScoreDetector', 'threshold': 2.5, 'market_slug': 'presidential-election-winner-2024'}",,
461,presidential-election-winner-2024,2024-07-30 09:00:01+00:00,zscore_spike_manual,medium,"{'mode': 'manual_sql', 'price': 0.575, 'window': 30, 'z_score': -2.6504683742044963, 'detector': 'ZScoreDetector', 'threshold': 2.5, 'market_slug': 'presidential-election-winner-2024'}",,
460,presidential-election-winner-2024,2024-07-30 07:00:01+00:00,zscore_spike_manual,medium,"{'mode': 'manual_sql', 'price': 0.575, 'window': 30, 'z_score': -3.1653444925881358, 'detector': 'ZScoreDetector', 'threshold': 2.5, 'market_slug': 'presidential-election-winner-2024'}",,
459,presidential-election-winner-2024,2024-07-29 03:00:02+00:00,zscore_spike_manual,medium,"{'mode': 'manual_sql', 'price': 0.595, 'window': 30, 'z_score': 2.683718952845579, 'detector': 'ZScoreDetector', 'threshold': 2.5, 'market_slug': 'presidential-election-winner-2024'}",,
458,presidential-election-winner-2024,2024-07-26 08:00:01+00:00,zscore_spike_manual,medium,"{'mode': 'manual_sql', 'price': 0.595, 'window': 30, 'z_score': -2.791589768604753, 'detector': 'ZScoreDetector', 'threshold': 2.5, 'market_slug': 'presidential-election-winner-2024'}",,
457,presidential-election-winner-2024,2024-07-26 06:00:01+00:00,zscore_spike_manual,medium,"{'mode': 'manual_sql', 'price': 0.6, 'window': 30, 'z_score': -2.755672870652716, 'detector': 'ZScoreDetector', 'threshold': 2.5, 'market_slug': 'presidential-election-winner-2024'}",,
456,presidential-election-winner-2024,2024-07-24 03:00:01+00:00,zscore_spike_manual,medium,"{'mode': 'manual_sql', 'price': 0.595, 'window': 30, 'z_score': -2.1831295093626055, 'detector': 'ZScoreDetector', 'threshold': 2.5, 'market_slug': 'presidential-election-winner-2024'}",,
455,presidential-election-winner-2024,2024-07-24 02:00:01+00:00,zscore_spike_manual,medium,"{'mode': 'manual_sql', 'price': 0.595, 'window': 30, 'z_score': -2.462652196136622, 'detector': 'ZScoreDetector', 'threshold': 2.5, 'market_slug': 'presidential-election-winner-2024'}",,
454,presidential-election-winner-2024,2024-07-24 01:00:01+00:00,zscore_spike_manual,medium,"{'mode': 'manual_sql', 'price': 0.595, 'window': 30, 'z_score': -2.8516294202152683, 'detector': 'ZScoreDetector', 'threshold': 2.5, 'market_slug': 'presidential-election-winner-2024'}",,
453,presidential-election-winner-2024,2024-07-24 00:00:01+00:00,zscore_spike_manual,medium,"{'mode': 'manual_sql', 'price': 0.605, 'window': 30, 'z_score': -2.558359090979063, 'detector': 'ZScoreDetector', 'threshold': 2.5, 'market_slug': 'presidential-election-winner-2024'}",,
452,presidential-election-winner-2024,2024-07-23 23:00:01+00:00,zscore_spike_manual,medium,"{'mode': 'manual_sql', 'price': 0.605, 'window': 30, 'z_score': -2.9827885612053953, 'detector': 'ZScoreDetector', 'threshold': 2.5, 'market_slug': 'presidential-election-winner-2024'}",,
451,presidential-election-winner-2024,2024-07-21 13:00:01+00:00,zscore_spike_manual,medium,"{'mode': 'manual_sql', 'price': 0.665, 'window': 30, 'z_score': 2.6310277473852817, 'detector': 'ZScoreDetector', 'threshold': 2.5, 'market_slug': 'presidential-election-winner-2024'}",,
450,presidential-election-winner-2024,2024-07-21 08:00:01+00:00,zscore_spike_manual,medium,"{'mode': 'manual_sql', 'price': 0.655, 'window': 30, 'z_score': 2.921186973365025, 'detector': 'ZScoreDetector', 'threshold': 2.5, 'market_slug': 'presidential-election-winner-2024'}",,
449,presidential-election-winner-2024,2024-07-18 23:00:01+00:00,zscore_spike_manual,medium,"{'mode': 'manual_sql', 'price': 0.605, 'window': 30, 'z_score': -2.4806598978634065, 'detector': 'ZScoreDetector', 'threshold': 2.5, 'market_slug': 'presidential-election-winner-2024'}",,
448,presidential-election-winner-2024,2024-07-18 22:00:01+00:00,zscore_spike_manual,medium,"{'mode': 'manual_sql', 'price': 0.62, 'window': 30, 'z_score': -1.9106552986053837, 'detector': 'ZScoreDetector', 'threshold': 2.5, 'market_slug': 'presidential-election-winner-2024'}",,
447,presidential-election-winner-2024,2024-07-18 08:00:02+00:00,zscore_spike_manual,medium,"{'mode': 'manual_sql', 'price': 0.635, 'window': 30, 'z_score': -1.9670981448240146, 'detector': 'ZScoreDetector', 'threshold': 2.5, 'market_slug': 'presidential-election-winner-2024'}",,
446,presidential-election-winner-2024,2024-07-18 07:00:01+00:00,zscore_spike_manual,medium,"{'mode': 'manual_sql', 'price': 0.645, 'window': 30, 'z_score': -1.689636382915389, 'detector': 'ZScoreDetector', 'threshold': 2.5, 'market_slug': 'presidential-election-winner-2024'}",,
445,presidential-election-winner-2024,2024-07-18 06:00:02+00:00,zscore_spike_manual,medium,"{'mode': 'manual_sql', 'price': 0.645, 'window': 30, 'z_score': -1.851643073332832, 'detector': 'ZScoreDetector', 'threshold': 2.5, 'market_slug': 'presidential-election-winner-2024'}",,
444,presidential-election-winner-2024,2024-07-18 05:00:01+00:00,zscore_spike_manual,medium,"{'mode': 'manual_sql', 'price': 0.64, 'window': 30, 'z_score': -2.336899235999955, 'detector': 'ZScoreDetector', 'threshold': 2.5, 'market_slug': 'presidential-election-winner-2024'}",,
443,presidential-election-winner-2024,2024-07-18 04:00:01+00:00,zscore_spike_manual,medium,"{'mode': 'manual_sql', 'price': 0.645, 'window': 30, 'z_score': -2.3762478463721495, 'detector': 'ZScoreDetector', 'threshold': 2.5, 'market_slug': 'presidential-election-winner-2024'}",,
442,presidential-election-winner-2024,2024-07-18 03:00:01+00:00,zscore_spike_manual,medium,"{'mode': 'manual_sql', 'price': 0.65, 'window': 30, 'z_score': -2.3620382036025336, 'detector': 'ZScoreDetector', 'threshold': 2.5, 'market_slug': 'presidential-election-winner-2024'}",,
441,presidential-election-winner-2024,2024-07-18 02:00:02+00:00,zscore_spike_manual,medium,"{'mode': 'manual_sql', 'price': 0.645, 'window': 30, 'z_score': -3.053275590883016, 'detector': 'ZScoreDetector', 'threshold': 2.5, 'market_slug': 'presidential-election-winner-2024'}",,
440,presidential-election-winner-2024,2024-07-18 01:00:02+00:00,zscore_spike_manual,medium,"{'mode': 'manual_sql', 'price': 0.645, 'window': 30, 'z_score': -3.7716839053052453, 'detector': 'ZScoreDetector', 'threshold': 2.5, 'market_slug': 'presidential-election-winner-2024'}",,
439,presidential-election-winner-2024,2024-07-17 19:00:01+00:00,zscore_spike_manual,medium,"{'mode': 'manual_sql', 'price': 0.675, 'window': 30, 'z_score': -2.0096906899897986, 'detector': 'ZScoreDetector', 'threshold': 2.5, 'market_slug': 'presidential-election-winner-2024'}",,
438,presidential-election-winner-2024,2024-07-17 01:00:01+00:00,zscore_spike_manual,medium,"{'mode': 'manual_sql', 'price': 0.685, 'window': 30, 'z_score': -2.7617845262746883, 'detector': 'ZScoreDetector', 'threshold': 2.5, 'market_slug': 'presidential-election-winner-2024'}",,
437,presidential-election-winner-2024,2024-07-17 00:00:01+00:00,zscore_spike_manual,medium,"{'mode': 'manual_sql', 'price': 0.685, 'window': 30, 'z_score': -3.3311078445806452, 'detector': 'ZScoreDetector', 'threshold': 2.5, 'market_slug': 'presidential-election-winner-2024'}",,
436,presidential-election-winner-2024,2024-07-14 10:00:02+00:00,zscore_spike_manual,medium,"{'mode': 'manual_sql', 'price': 0.695, 'window': 30, 'z_score': 1.275679012824678, 'detector': 'ZScoreDetector', 'threshold': 2.5, 'market_slug': 'presidential-election-winner-2024'}",,
435,presidential-election-winner-2024,2024-07-14 09:00:02+00:00,zscore_spike_manual,medium,"{'mode': 'manual_sql', 'price': 0.695, 'window': 30, 'z_score': 1.3718981211027246, 'detector': 'ZScoreDetector', 'threshold': 2.5, 'market_slug': 'presidential-election-winner-2024'}",,
434,presidential-election-winner-2024,2024-07-14 08:00:03+00:00,zscore_spike_manual,medium,"{'mode': 'manual_sql', 'price': 0.695, 'window': 30, 'z_score': 1.4806572005828393, 'detector': 'ZScoreDetector', 'threshold': 2.5, 'market_slug': 'presidential-election-winner-2024'}",,
433,presidential-election-winner-2024,2024-07-14 07:00:02+00:00,zscore_spike_manual,medium,"{'mode': 'manual_sql', 'price': 0.695, 'window': 30, 'z_score': 1.605748593009161, 'detector': 'ZScoreDetector', 'threshold': 2.5, 'market_slug': 'presidential-election-winner-2024'}",,
432,presidential-election-winner-2024,2024-07-14 06:00:03+00:00,zscore_spike_manual,medium,"{'mode': 'manual_sql', 'price': 0.7, 'window': 30, 'z_score': 1.8695699778483232, 'detector': 'ZScoreDetector', 'threshold': 2.5, 'market_slug': 'presidential-election-winner-2024'}",,
431,presidential-election-winner-2024,2024-07-14 05:00:02+00:00,zscore_spike_manual,medium,"{'mode': 'manual_sql', 'price': 0.675, 'window': 30, 'z_score': 1.4537923574209604, 'detector': 'ZScoreDetector', 'threshold': 2.5, 'market_slug': 'presidential-election-winner-2024'}",,
430,presidential-election-winner-2024,2024-07-14 04:00:03+00:00,zscore_spike_manual,medium,"{'mode': 'manual_sql', 'price': 0.705, 'window': 30, 'z_score': 2.346262129152753, 'detector': 'ZScoreDetector', 'threshold': 2.5, 'market_slug': 'presidential-election-winner-2024'}",,
429,presidential-election-winner-2024,2024-07-14 03:00:02+00:00,zscore_spike_manual,medium,"{'mode': 'manual_sql', 'price': 0.7, 'window': 30, 'z_score': 2.5703170227920227, 'detector': 'ZScoreDetector', 'threshold': 2.5, 'market_slug': 'presidential-election-winner-2024'}",,
428,presidential-election-winner-2024,2024-07-14 02:00:03+00:00,zscore_spike_manual,medium,"{'mode': 'manual_sql', 'price': 0.695, 'window': 30, 'z_score': 2.883408344717268, 'detector': 'ZScoreDetector', 'threshold': 2.5, 'market_slug': 'presidential-election-winner-2024'}",,
427,presidential-election-winner-2024,2024-07-14 01:00:02+00:00,zscore_spike_manual,medium,"{'mode': 'manual_sql', 'price': 0.695, 'window': 30, 'z_score': 3.5609953749106737, 'detector': 'ZScoreDetector', 'threshold': 2.5, 'market_slug': 'presidential-election-winner-2024'}",,
426,presidential-election-winner-2024,2024-07-14 00:00:02+00:00,zscore_spike_manual,medium,"{'mode': 'manual_sql', 'price': 0.675, 'window': 30, 'z_score': 3.932185818099391, 'detector': 'ZScoreDetector', 'threshold': 2.5, 'market_slug': 'presidential-election-winner-2024'}",,
425,presidential-election-winner-2024,2024-07-13 23:00:02+00:00,zscore_spike_manual,high,"{'mode': 'manual_sql', 'price': 0.665, 'window': 30, 'z_score': 5.294651389218576, 'detector': 'ZScoreDetector', 'threshold': 2.5, 'market_slug': 'presidential-election-winner-2024'}",,
424,presidential-election-winner-2024,2024-07-12 08:00:03+00:00,zscore_spike_manual,medium,"{'mode': 'manual_sql', 'price': 0.595, 'window': 30, 'z_score': -2.552136051805591, 'detector': 'ZScoreDetector', 'threshold': 2.5, 'market_slug': 'presidential-election-winner-2024'}",,
423,presidential-election-winner-2024,2024-07-11 04:00:02+00:00,zscore_spike_manual,medium,"{'mode': 'manual_sql', 'price': 0.615, 'window': 30, 'z_score': -2.5066578014128877, 'detector': 'ZScoreDetector', 'threshold': 2.5, 'market_slug': 'presidential-election-winner-2024'}",,
422,presidential-election-winner-2024,2024-07-11 03:00:02+00:00,zscore_spike_manual,medium,"{'mode': 'manual_sql', 'price': 0.615, 'window': 30, 'z_score': -2.9495762407657464, 'detector': 'ZScoreDetector', 'threshold': 2.5, 'market_slug': 'presidential-election-winner-2024'}",,
421,presidential-election-winner-2024,2024-07-11 02:00:03+00:00,zscore_spike_manual,medium,"{'mode': 'manual_sql', 'price': 0.615, 'window': 30, 'z_score': -3.67876790971304, 'detector': 'ZScoreDetector', 'threshold': 2.5, 'market_slug': 'presidential-election-winner-2024'}",,
420,presidential-election-winner-2024,2024-07-11 01:00:02+00:00,zscore_spike_manual,high,"{'mode': 'manual_sql', 'price': 0.615, 'window': 30, 'z_score': -5.294651389292262, 'detector': 'ZScoreDetector', 'threshold': 2.5, 'market_slug': 'presidential-election-winner-2024'}",,
419,presidential-election-winner-2024,2024-07-08 11:00:02+00:00,zscore_spike_manual,medium,"{'mode': 'manual_sql', 'price': 0.605, 'window': 30, 'z_score': -2.656051567476952, 'detector': 'ZScoreDetector', 'threshold': 2.5, 'market_slug': 'presidential-election-winner-2024'}",,
418,presidential-election-winner-2024,2024-07-08 10:00:02+00:00,zscore_spike_manual,medium,"{'mode': 'manual_sql', 'price': 0.605, 'window': 30, 'z_score': -3.1776705873140614, 'detector': 'ZScoreDetector', 'threshold': 2.5, 'market_slug': 'presidential-election-winner-2024'}",,
417,presidential-election-winner-2024,2024-07-08 06:00:02+00:00,zscore_spike_manual,medium,"{'mode': 'manual_sql', 'price': 0.615, 'window': 30, 'z_score': -2.5066578014130263, 'detector': 'ZScoreDetector', 'threshold': 2.5, 'market_slug': 'presidential-election-winner-2024'}",,
416,presidential-election-winner-2024,2024-07-08 05:00:02+00:00,zscore_spike_manual,medium,"{'mode': 'manual_sql', 'price': 0.615, 'window': 30, 'z_score': -2.949576240765955, 'detector': 'ZScoreDetector', 'threshold': 2.5, 'market_slug': 'presidential-election-winner-2024'}",,
415,presidential-election-winner-2024,2024-07-08 04:00:02+00:00,zscore_spike_manual,medium,"{'mode': 'manual_sql', 'price': 0.615, 'window': 30, 'z_score': -3.6787679097134167, 'detector': 'ZScoreDetector', 'threshold': 2.5, 'market_slug': 'presidential-election-winner-2024'}",,
414,presidential-election-winner-2024,2024-07-08 03:00:02+00:00,zscore_spike_manual,high,"{'mode': 'manual_sql', 'price': 0.615, 'window': 30, 'z_score': -5.2946513892933105, 'detector': 'ZScoreDetector', 'threshold': 2.5, 'market_slug': 'presidential-election-winner-2024'}",,
413,presidential-election-winner-2024,2024-07-06 23:00:02+00:00,zscore_spike_manual,medium,"{'mode': 'manual_sql', 'price': 0.625, 'window': 30, 'z_score': 2.5746012173909225, 'detector': 'ZScoreDetector', 'threshold': 2.5, 'market_slug': 'presidential-election-winner-2024'}",,
412,presidential-election-winner-2024,2024-07-06 22:00:02+00:00,zscore_spike_manual,medium,"{'mode': 'manual_sql', 'price': 0.625, 'window': 30, 'z_score': 3.0487492181068623, 'detector': 'ZScoreDetector', 'threshold': 2.5, 'market_slug': 'presidential-election-winner-2024'}",,
411,presidential-election-winner-2024,2024-07-03 18:00:02+00:00,zscore_spike_manual,medium,"{'mode': 'manual_sql', 'price': 0.605, 'window': 30, 'z_score': -2.6437875625812124, 'detector': 'ZScoreDetector', 'threshold': 2.5, 'market_slug': 'presidential-election-winner-2024'}",,
410,presidential-election-winner-2024,2024-07-02 12:00:03+00:00,zscore_spike_manual,medium,"{'mode': 'manual_sql', 'price': 0.67, 'window': 30, 'z_score': 1.9828950418189333, 'detector': 'ZScoreDetector', 'threshold': 2.5, 'market_slug': 'presidential-election-winner-2024'}",,
409,presidential-election-winner-2024,2024-07-02 11:00:03+00:00,zscore_spike_manual,medium,"{'mode': 'manual_sql', 'price': 0.665, 'window': 30, 'z_score': 1.882886684679888, 'detector': 'ZScoreDetector', 'threshold': 2.5, 'market_slug': 'presidential-election-winner-2024'}",,
408,presidential-election-winner-2024,2024-07-02 05:00:03+00:00,zscore_spike_manual,medium,"{'mode': 'manual_sql', 'price': 0.655, 'window': 30, 'z_score': 2.111099060473926, 'detector': 'ZScoreDetector', 'threshold': 2.5, 'market_slug': 'presidential-election-winner-2024'}",,
407,presidential-election-winner-2024,2024-07-02 04:00:02+00:00,zscore_spike_manual,medium,"{'mode': 'manual_sql', 'price': 0.655, 'window': 30, 'z_score': 2.3649222276559407, 'detector': 'ZScoreDetector', 'threshold': 2.5, 'market_slug': 'presidential-election-winner-2024'}",,
406,presidential-election-winner-2024,2024-07-02 03:00:02+00:00,zscore_spike_manual,medium,"{'mode': 'manual_sql', 'price': 0.655, 'window': 30, 'z_score': 2.711411880546972, 'detector': 'ZScoreDetector', 'threshold': 2.5, 'market_slug': 'presidential-election-winner-2024'}",,
405,presidential-election-winner-2024,2024-07-02 00:00:03+00:00,zscore_spike_manual,high,"{'mode': 'manual_sql', 'price': 0.66, 'window': 30, 'z_score': 4.5430538134941, 'detector': 'ZScoreDetector', 'threshold': 2.5, 'market_slug': 'presidential-election-winner-2024'}",,
404,presidential-election-winner-2024,2024-06-30 05:00:03+00:00,zscore_spike_manual,medium,"{'mode': 'manual_sql', 'price': 0.655, 'window': 30, 'z_score': 3.5847730621822387, 'detector': 'ZScoreDetector', 'threshold': 2.5, 'market_slug': 'presidential-election-winner-2024'}",,
403,presidential-election-winner-2024,2024-06-30 03:00:03+00:00,zscore_spike_manual,medium,"{'mode': 'manual_sql', 'price': 0.615, 'window': 30, 'z_score': -2.5066578014070937, 'detector': 'ZScoreDetector', 'threshold': 2.5, 'market_slug': 'presidential-election-winner-2024'}",,
402,presidential-election-winner-2024,2024-06-28 05:00:02+00:00,zscore_spike_manual,medium,"{'mode': 'manual_sql', 'price': 0.635, 'window': 30, 'z_score': 1.4186606986238988, 'detector': 'ZScoreDetector', 'threshold': 2.5, 'market_slug': 'presidential-election-winner-2024'}",,
401,presidential-election-winner-2024,2024-06-28 04:00:03+00:00,zscore_spike_manual,medium,"{'mode': 'manual_sql', 'price': 0.635, 'window': 30, 'z_score': 1.531920774887853, 'detector': 'ZScoreDetector', 'threshold': 2.5, 'market_slug': 'presidential-election-winner-2024'}",,
400,presidential-election-winner-2024,2024-06-28 03:00:03+00:00,zscore_spike_manual,medium,"{'mode': 'manual_sql', 'price': 0.665, 'window': 30, 'z_score': 3.1306005919006634, 'detector': 'ZScoreDetector', 'threshold': 2.5, 'market_slug': 'presidential-election-winner-2024'}",,
399,presidential-election-winner-2024,2024-06-28 02:00:02+00:00,zscore_spike_manual,high,"{'mode': 'manual_sql', 'price': 0.685, 'window': 30, 'z_score': 5.231853870332248, 'detector': 'ZScoreDetector', 'threshold': 2.5, 'market_slug': 'presidential-election-winner-2024'}",,
398,presidential-election-winner-2024,2024-06-28 01:00:03+00:00,zscore_spike_manual,medium,"{'mode': 'manual_sql', 'price': 0.605, 'window': 30, 'z_score': 3.6787679097130392, 'detector': 'ZScoreDetector', 'threshold': 2.5, 'market_slug': 'presidential-election-winner-2024'}",,
397,presidential-election-winner-2024,2024-06-28 00:00:03+00:00,zscore_spike_manual,high,"{'mode': 'manual_sql', 'price': 0.605, 'window': 30, 'z_score': 5.29465138929256, 'detector': 'ZScoreDetector', 'threshold': 2.5, 'market_slug': 'presidential-election-winner-2024'}",,
396,presidential-election-winner-2024,2024-06-25 18:00:02+00:00,zscore_spike_manual,medium,"{'mode': 'manual_sql', 'price': 0.595, 'window': 30, 'z_score': 2.1082733662739552, 'detector': 'ZScoreDetector', 'threshold': 2.5, 'market_slug': 'presidential-election-winner-2024'}",,
395,presidential-election-winner-2024,2024-06-25 17:00:03+00:00,zscore_spike_manual,medium,"{'mode': 'manual_sql', 'price': 0.595, 'window': 30, 'z_score': 2.288517737064397, 'detector': 'ZScoreDetector', 'threshold': 2.5, 'market_slug': 'presidential-election-winner-2024'}",,
394,presidential-election-winner-2024,2024-06-25 16:00:03+00:00,zscore_spike_manual,medium,"{'mode': 'manual_sql', 'price': 0.595, 'window': 30, 'z_score': 2.5300001780495216, 'detector': 'ZScoreDetector', 'threshold': 2.5, 'market_slug': 'presidential-election-winner-2024'}",,
393,presidential-election-winner-2024,2024-06-24 20:00:03+00:00,zscore_spike_manual,medium,"{'mode': 'manual_sql', 'price': 0.585, 'window': 30, 'z_score': 2.5066578014132848, 'detector': 'ZScoreDetector', 'threshold': 2.5, 'market_slug': 'presidential-election-winner-2024'}",,
392,presidential-election-winner-2024,2024-06-24 19:00:03+00:00,zscore_spike_manual,medium,"{'mode': 'manual_sql', 'price': 0.585, 'window': 30, 'z_score': 2.949576240766376, 'detector': 'ZScoreDetector', 'threshold': 2.5, 'market_slug': 'presidential-election-winner-2024'}",,
391,presidential-election-winner-2024,2024-06-24 18:00:03+00:00,zscore_spike_manual,medium,"{'mode': 'manual_sql', 'price': 0.585, 'window': 30, 'z_score': 3.6787679097143706, 'detector': 'ZScoreDetector', 'threshold': 2.5, 'market_slug': 'presidential-election-winner-2024'}",,
390,presidential-election-winner-2024,2024-06-24 17:00:02+00:00,zscore_spike_manual,high,"{'mode': 'manual_sql', 'price': 0.585, 'window': 30, 'z_score': 5.294651389296381, 'detector': 'ZScoreDetector', 'threshold': 2.5, 'market_slug': 'presidential-election-winner-2024'}",,
389,presidential-election-winner-2024,2024-06-23 03:00:03+00:00,zscore_spike_manual,medium,"{'mode': 'manual_sql', 'price': 0.575, 'window': 30, 'z_score': 1.204159457881678, 'detector': 'ZScoreDetector', 'threshold': 2.5, 'market_slug': 'presidential-election-winner-2024'}",,
388,presidential-election-winner-2024,2024-06-23 02:00:03+00:00,zscore_spike_manual,medium,"{'mode': 'manual_sql', 'price': 0.575, 'window': 30, 'z_score': 1.2921675470712135, 'detector': 'ZScoreDetector', 'threshold': 2.5, 'market_slug': 'presidential-election-winner-2024'}",,
387,presidential-election-winner-2024,2024-06-23 01:00:03+00:00,zscore_spike_manual,medium,"{'mode': 'manual_sql', 'price': 0.575, 'window': 30, 'z_score': 1.3904435743107075, 'detector': 'ZScoreDetector', 'threshold': 2.5, 'market_slug': 'presidential-election-winner-2024'}",,
386,presidential-election-winner-2024,2024-06-23 00:00:03+00:00,zscore_spike_manual,medium,"{'mode': 'manual_sql', 'price': 0.575, 'window': 30, 'z_score': 1.5018507101460379, 'detector': 'ZScoreDetector', 'threshold': 2.5, 'market_slug': 'presidential-election-winner-2024'}",,
385,presidential-election-winner-2024,2024-06-22 23:00:03+00:00,zscore_spike_manual,medium,"{'mode': 'manual_sql', 'price': 0.575, 'window': 30, 'z_score': 1.6304396135235477, 'detector': 'ZScoreDetector', 'threshold': 2.5, 'market_slug': 'presidential-election-winner-2024'}",,
384,presidential-election-winner-2024,2024-06-22 22:00:03+00:00,zscore_spike_manual,medium,"{'mode': 'manual_sql', 'price': 0.575, 'window': 30, 'z_score': 1.7821869924920786, 'detector': 'ZScoreDetector', 'threshold': 2.5, 'market_slug': 'presidential-election-winner-2024'}",,
383,presidential-election-winner-2024,2024-06-22 21:00:03+00:00,zscore_spike_manual,medium,"{'mode': 'manual_sql', 'price': 0.575, 'window': 30, 'z_score': 1.9663841605064243, 'detector': 'ZScoreDetector', 'threshold': 2.5, 'market_slug': 'presidential-election-winner-2024'}",,
382,presidential-election-winner-2024,2024-06-22 20:00:03+00:00,zscore_spike_manual,medium,"{'mode': 'manual_sql', 'price': 0.575, 'window': 30, 'z_score': 2.198484326386661, 'detector': 'ZScoreDetector', 'threshold': 2.5, 'market_slug': 'presidential-election-winner-2024'}",,
381,presidential-election-winner-2024,2024-06-22 19:00:03+00:00,zscore_spike_manual,medium,"{'mode': 'manual_sql', 'price': 0.575, 'window': 30, 'z_score': 2.5066578014134895, 'detector': 'ZScoreDetector', 'threshold': 2.5, 'market_slug': 'presidential-election-winner-2024'}",,
380,presidential-election-winner-2024,2024-06-22 18:00:03+00:00,zscore_spike_manual,medium,"{'mode': 'manual_sql', 'price': 0.575, 'window': 30, 'z_score': 2.9495762407666724, 'detector': 'ZScoreDetector', 'threshold': 2.5, 'market_slug': 'presidential-election-winner-2024'}",,
379,presidential-election-winner-2024,2024-06-22 17:00:03+00:00,zscore_spike_manual,medium,"{'mode': 'manual_sql', 'price': 0.575, 'window': 30, 'z_score': 3.6787679097148835, 'detector': 'ZScoreDetector', 'threshold': 2.5, 'market_slug': 'presidential-election-winner-2024'}",,
378,presidential-election-winner-2024,2024-06-22 16:00:02+00:00,zscore_spike_manual,high,"{'mode': 'manual_sql', 'price': 0.575, 'window': 30, 'z_score': 5.294651389297687, 'detector': 'ZScoreDetector', 'threshold': 2.5, 'market_slug': 'presidential-election-winner-2024'}",,
377,presidential-election-winner-2024,2024-06-14 09:00:03+00:00,zscore_spike_manual,medium,"{'mode': 'manual_sql', 'price': 0.555, 'window': 30, 'z_score': -2.506657801413455, 'detector': 'ZScoreDetector', 'threshold': 2.5, 'market_slug': 'presidential-election-winner-2024'}",,
376,presidential-election-winner-2024,2024-06-14 08:00:04+00:00,zscore_spike_manual,medium,"{'mode': 'manual_sql', 'price': 0.555, 'window': 30, 'z_score': -2.949576240766707, 'detector': 'ZScoreDetector', 'threshold': 2.5, 'market_slug': 'presidential-election-winner-2024'}",,
375,presidential-election-winner-2024,2024-06-14 07:00:03+00:00,zscore_spike_manual,medium,"{'mode': 'manual_sql', 'price': 0.555, 'window': 30, 'z_score': -3.6787679097149266, 'detector': 'ZScoreDetector', 'threshold': 2.5, 'market_slug': 'presidential-election-winner-2024'}",,
374,presidential-election-winner-2024,2024-06-14 06:00:03+00:00,zscore_spike_manual,high,"{'mode': 'manual_sql', 'price': 0.555, 'window': 30, 'z_score': -5.2946513892976865, 'detector': 'ZScoreDetector', 'threshold': 2.5, 'market_slug': 'presidential-election-winner-2024'}",,
373,presidential-election-winner-2024,2024-06-11 21:00:04+00:00,zscore_spike_manual,medium,"{'mode': 'manual_sql', 'price': 0.555, 'window': 30, 'z_score': -2.5066578014134873, 'detector': 'ZScoreDetector', 'threshold': 2.5, 'market_slug': 'presidential-election-winner-2024'}",,
372,presidential-election-winner-2024,2024-06-11 20:00:03+00:00,zscore_spike_manual,medium,"{'mode': 'manual_sql', 'price': 0.555, 'window': 30, 'z_score': -2.949576240766707, 'detector': 'ZScoreDetector', 'threshold': 2.5, 'market_slug': 'presidential-election-winner-2024'}",,
371,presidential-election-winner-2024,2024-06-11 19:00:03+00:00,zscore_spike_manual,medium,"{'mode': 'manual_sql', 'price': 0.555, 'window': 30, 'z_score': -2.949576240766707, 'detector': 'ZScoreDetector', 'threshold': 2.5, 'market_slug': 'presidential-election-winner-2024'}",,
370,presidential-election-winner-2024,2024-06-11 18:00:04+00:00,zscore_spike_manual,medium,"{'mode': 'manual_sql', 'price': 0.555, 'window': 30, 'z_score': -2.949576240766707, 'detector': 'ZScoreDetector', 'threshold': 2.5, 'market_slug': 'presidential-election-winner-2024'}",,
369,presidential-election-winner-2024,2024-06-11 02:00:04+00:00,zscore_spike_manual,medium,"{'mode': 'manual_sql', 'price': 0.565, 'window': 30, 'z_score': 1.2041594578817116, 'detector': 'ZScoreDetector', 'threshold': 2.5, 'market_slug': 'presidential-election-winner-2024'}",,
368,presidential-election-winner-2024,2024-06-11 01:00:04+00:00,zscore_spike_manual,medium,"{'mode': 'manual_sql', 'price': 0.565, 'window': 30, 'z_score': 1.2921675470711977, 'detector': 'ZScoreDetector', 'threshold': 2.5, 'market_slug': 'presidential-election-winner-2024'}",,
367,presidential-election-winner-2024,2024-06-11 00:00:02+00:00,zscore_spike_manual,medium,"{'mode': 'manual_sql', 'price': 0.565, 'window': 30, 'z_score': 1.390443574310686, 'detector': 'ZScoreDetector', 'threshold': 2.5, 'market_slug': 'presidential-election-winner-2024'}",,
366,presidential-election-winner-2024,2024-06-10 23:00:03+00:00,zscore_spike_manual,medium,"{'mode': 'manual_sql', 'price': 0.565, 'window': 30, 'z_score': 1.501850710146033, 'detector': 'ZScoreDetector', 'threshold': 2.5, 'market_slug': 'presidential-election-winner-2024'}",,
365,presidential-election-winner-2024,2024-06-10 22:00:04+00:00,zscore_spike_manual,medium,"{'mode': 'manual_sql', 'price': 0.565, 'window': 30, 'z_score': 1.6304396135235095, 'detector': 'ZScoreDetector', 'threshold': 2.5, 'market_slug': 'presidential-election-winner-2024'}",,
364,presidential-election-winner-2024,2024-06-10 21:00:03+00:00,zscore_spike_manual,medium,"{'mode': 'manual_sql', 'price': 0.565, 'window': 30, 'z_score': 1.782186992492056, 'detector': 'ZScoreDetector', 'threshold': 2.5, 'market_slug': 'presidential-election-winner-2024'}",,
363,presidential-election-winner-2024,2024-06-10 20:00:04+00:00,zscore_spike_manual,medium,"{'mode': 'manual_sql', 'price': 0.565, 'window': 30, 'z_score': 1.9663841605063608, 'detector': 'ZScoreDetector', 'threshold': 2.5, 'market_slug': 'presidential-election-winner-2024'}",,
362,presidential-election-winner-2024,2024-06-10 19:00:04+00:00,zscore_spike_manual,medium,"{'mode': 'manual_sql', 'price': 0.565, 'window': 30, 'z_score': 2.1984843263865455, 'detector': 'ZScoreDetector', 'threshold': 2.5, 'market_slug': 'presidential-election-winner-2024'}",,
361,presidential-election-winner-2024,2024-06-10 18:00:03+00:00,zscore_spike_manual,medium,"{'mode': 'manual_sql', 'price': 0.565, 'window': 30, 'z_score': 2.5066578014133643, 'detector': 'ZScoreDetector', 'threshold': 2.5, 'market_slug': 'presidential-election-winner-2024'}",,
360,presidential-election-winner-2024,2024-06-10 17:00:04+00:00,zscore_spike_manual,medium,"{'mode': 'manual_sql', 'price': 0.565, 'window': 30, 'z_score': 2.9495762407664734, 'detector': 'ZScoreDetector', 'threshold': 2.5, 'market_slug': 'presidential-election-winner-2024'}",,
359,presidential-election-winner-2024,2024-06-10 16:00:04+00:00,zscore_spike_manual,medium,"{'mode': 'manual_sql', 'price': 0.565, 'window': 30, 'z_score': 3.6787679097145047, 'detector': 'ZScoreDetector', 'threshold': 2.5, 'market_slug': 'presidential-election-winner-2024'}",,
358,presidential-election-winner-2024,2024-06-10 15:00:03+00:00,zscore_spike_manual,high,"{'mode': 'manual_sql', 'price': 0.565, 'window': 30, 'z_score': 5.294651389296638, 'detector': 'ZScoreDetector', 'threshold': 2.5, 'market_slug': 'presidential-election-winner-2024'}",,
357,presidential-election-winner-2024,2024-06-06 15:00:02+00:00,zscore_spike_manual,medium,"{'mode': 'manual_sql', 'price': 0.545, 'window': 30, 'z_score': -2.506657801413303, 'detector': 'ZScoreDetector', 'threshold': 2.5, 'market_slug': 'presidential-election-winner-2024'}",,
356,presidential-election-winner-2024,2024-06-06 14:00:02+00:00,zscore_spike_manual,medium,"{'mode': 'manual_sql', 'price': 0.545, 'window': 30, 'z_score': -2.94957624076644, 'detector': 'ZScoreDetector', 'threshold': 2.5, 'market_slug': 'presidential-election-winner-2024'}",,
355,presidential-election-winner-2024,2024-06-06 13:00:02+00:00,zscore_spike_manual,medium,"{'mode': 'manual_sql', 'price': 0.545, 'window': 30, 'z_score': -3.678767909714464, 'detector': 'ZScoreDetector', 'threshold': 2.5, 'market_slug': 'presidential-election-winner-2024'}",,
354,presidential-election-winner-2024,2024-06-06 12:00:03+00:00,zscore_spike_manual,high,"{'mode': 'manual_sql', 'price': 0.545, 'window': 30, 'z_score': -5.294651389296459, 'detector': 'ZScoreDetector', 'threshold': 2.5, 'market_slug': 'presidential-election-winner-2024'}",,
353,presidential-election-winner-2024,2024-06-04 14:00:02+00:00,zscore_spike_manual,medium,"{'mode': 'manual_sql', 'price': 0.555, 'window': 30, 'z_score': 1.3651000325475544, 'detector': 'ZScoreDetector', 'threshold': 2.5, 'market_slug': 'presidential-election-winner-2024'}",,
352,presidential-election-winner-2024,2024-06-04 13:00:03+00:00,zscore_spike_manual,medium,"{'mode': 'manual_sql', 'price': 0.555, 'window': 30, 'z_score': 1.4729273263707527, 'detector': 'ZScoreDetector', 'threshold': 2.5, 'market_slug': 'presidential-election-winner-2024'}",,
351,presidential-election-winner-2024,2024-06-04 12:00:03+00:00,zscore_spike_manual,medium,"{'mode': 'manual_sql', 'price': 0.555, 'window': 30, 'z_score': 1.5967900515900975, 'detector': 'ZScoreDetector', 'threshold': 2.5, 'market_slug': 'presidential-election-winner-2024'}",,
350,presidential-election-winner-2024,2024-06-04 11:00:03+00:00,zscore_spike_manual,medium,"{'mode': 'manual_sql', 'price': 0.555, 'window': 30, 'z_score': 1.742091765933757, 'detector': 'ZScoreDetector', 'threshold': 2.5, 'market_slug': 'presidential-election-winner-2024'}",,
349,presidential-election-winner-2024,2024-06-04 10:00:02+00:00,zscore_spike_manual,medium,"{'mode': 'manual_sql', 'price': 0.555, 'window': 30, 'z_score': 1.917114991594893, 'detector': 'ZScoreDetector', 'threshold': 2.5, 'market_slug': 'presidential-election-winner-2024'}",,
348,presidential-election-winner-2024,2024-06-04 09:00:03+00:00,zscore_spike_manual,medium,"{'mode': 'manual_sql', 'price': 0.555, 'window': 30, 'z_score': 2.135381915878564, 'detector': 'ZScoreDetector', 'threshold': 2.5, 'market_slug': 'presidential-election-winner-2024'}",,
347,presidential-election-winner-2024,2024-06-04 08:00:03+00:00,zscore_spike_manual,medium,"{'mode': 'manual_sql', 'price': 0.555, 'window': 30, 'z_score': 2.4209170082534235, 'detector': 'ZScoreDetector', 'threshold': 2.5, 'market_slug': 'presidential-election-winner-2024'}",,
346,presidential-election-winner-2024,2024-06-04 07:00:02+00:00,zscore_spike_manual,medium,"{'mode': 'manual_sql', 'price': 0.555, 'window': 30, 'z_score': 2.8218703197846446, 'detector': 'ZScoreDetector', 'threshold': 2.5, 'market_slug': 'presidential-election-winner-2024'}",,
345,presidential-election-winner-2024,2024-06-04 06:00:03+00:00,zscore_spike_manual,medium,"{'mode': 'manual_sql', 'price': 0.555, 'window': 30, 'z_score': 3.4547610843154946, 'detector': 'ZScoreDetector', 'threshold': 2.5, 'market_slug': 'presidential-election-winner-2024'}",,
344,presidential-election-winner-2024,2024-06-04 05:00:02+00:00,zscore_spike_manual,high,"{'mode': 'manual_sql', 'price': 0.555, 'window': 30, 'z_score': 4.719583465226451, 'detector': 'ZScoreDetector', 'threshold': 2.5, 'market_slug': 'presidential-election-winner-2024'}",,
343,presidential-election-winner-2024,2024-06-04 04:00:02+00:00,zscore_spike_manual,high,"{'mode': 'manual_sql', 'price': 0.545, 'window': 30, 'z_score': 5.294651389293028, 'detector': 'ZScoreDetector', 'threshold': 2.5, 'market_slug': 'presidential-election-winner-2024'}",,
342,presidential-election-winner-2024,2024-05-31 08:00:03+00:00,zscore_spike_manual,medium,"{'mode': 'manual_sql', 'price': 0.535, 'window': 30, 'z_score': -1.3537097622765515, 'detector': 'ZScoreDetector', 'threshold': 2.5, 'market_slug': 'presidential-election-winner-2024'}",,
341,presidential-election-winner-2024,2024-05-31 07:00:02+00:00,zscore_spike_manual,medium,"{'mode': 'manual_sql', 'price': 0.535, 'window': 30, 'z_score': -1.4599896376417214, 'detector': 'ZScoreDetector', 'threshold': 2.5, 'market_slug': 'presidential-election-winner-2024'}",,
340,presidential-election-winner-2024,2024-05-31 06:00:03+00:00,zscore_spike_manual,medium,"{'mode': 'manual_sql', 'price': 0.535, 'window': 30, 'z_score': -1.5818174747948852, 'detector': 'ZScoreDetector', 'threshold': 2.5, 'market_slug': 'presidential-election-winner-2024'}",,
339,presidential-election-winner-2024,2024-05-31 03:00:03+00:00,zscore_spike_manual,medium,"{'mode': 'manual_sql', 'price': 0.535, 'window': 30, 'z_score': -1.9223878956239142, 'detector': 'ZScoreDetector', 'threshold': 2.5, 'market_slug': 'presidential-election-winner-2024'}",,
338,presidential-election-winner-2024,2024-05-31 02:00:03+00:00,zscore_spike_manual,medium,"{'mode': 'manual_sql', 'price': 0.525, 'window': 30, 'z_score': -2.998944962162977, 'detector': 'ZScoreDetector', 'threshold': 2.5, 'market_slug': 'presidential-election-winner-2024'}",,
337,presidential-election-winner-2024,2024-05-31 01:00:02+00:00,zscore_spike_manual,medium,"{'mode': 'manual_sql', 'price': 0.535, 'window': 30, 'z_score': -2.7308082239217235, 'detector': 'ZScoreDetector', 'threshold': 2.5, 'market_slug': 'presidential-election-winner-2024'}",,
336,presidential-election-winner-2024,2024-05-31 00:00:03+00:00,zscore_spike_manual,medium,"{'mode': 'manual_sql', 'price': 0.535, 'window': 30, 'z_score': -3.302395578186587, 'detector': 'ZScoreDetector', 'threshold': 2.5, 'market_slug': 'presidential-election-winner-2024'}",,
335,presidential-election-winner-2024,2024-05-30 23:00:02+00:00,zscore_spike_manual,high,"{'mode': 'manual_sql', 'price': 0.535, 'window': 30, 'z_score': -4.37432317009091, 'detector': 'ZScoreDetector', 'threshold': 2.5, 'market_slug': 'presidential-election-winner-2024'}",,
334,presidential-election-winner-2024,2024-05-30 22:00:04+00:00,zscore_spike_manual,high,"{'mode': 'manual_sql', 'price': 0.545, 'window': 30, 'z_score': -5.2946513892372415, 'detector': 'ZScoreDetector', 'threshold': 2.5, 'market_slug': 'presidential-election-winner-2024'}",,
333,presidential-election-winner-2024,2024-05-28 11:00:03+00:00,zscore_spike_manual,medium,"{'mode': 'manual_sql', 'price': 0.565, 'window': 30, 'z_score': 2.1984843263865477, 'detector': 'ZScoreDetector', 'threshold': 2.5, 'market_slug': 'presidential-election-winner-2024'}",,
332,presidential-election-winner-2024,2024-05-28 10:00:03+00:00,zscore_spike_manual,medium,"{'mode': 'manual_sql', 'price': 0.565, 'window': 30, 'z_score': 2.5066578014133514, 'detector': 'ZScoreDetector', 'threshold': 2.5, 'market_slug': 'presidential-election-winner-2024'}",,
331,presidential-election-winner-2024,2024-05-28 09:00:03+00:00,zscore_spike_manual,medium,"{'mode': 'manual_sql', 'price': 0.565, 'window': 30, 'z_score': 2.949576240766394, 'detector': 'ZScoreDetector', 'threshold': 2.5, 'market_slug': 'presidential-election-winner-2024'}",,
330,presidential-election-winner-2024,2024-05-28 08:00:03+00:00,zscore_spike_manual,medium,"{'mode': 'manual_sql', 'price': 0.565, 'window': 30, 'z_score': 3.6787679097143386, 'detector': 'ZScoreDetector', 'threshold': 2.5, 'market_slug': 'presidential-election-winner-2024'}",,
329,presidential-election-winner-2024,2024-05-28 07:00:03+00:00,zscore_spike_manual,high,"{'mode': 'manual_sql', 'price': 0.565, 'window': 30, 'z_score': 5.294651389296057, 'detector': 'ZScoreDetector', 'threshold': 2.5, 'market_slug': 'presidential-election-winner-2024'}",,
328,presidential-election-winner-2024,2024-05-22 16:00:02+00:00,zscore_spike_manual,medium,"{'mode': 'manual_sql', 'price': 0.555, 'window': 30, 'z_score': 2.521834475706689, 'detector': 'ZScoreDetector', 'threshold': 2.5, 'market_slug': 'presidential-election-winner-2024'}",,
327,presidential-election-winner-2024,2024-05-22 05:00:03+00:00,zscore_spike_manual,medium,"{'mode': 'manual_sql', 'price': 0.555, 'window': 30, 'z_score': 3.4689095308881623, 'detector': 'ZScoreDetector', 'threshold': 2.5, 'market_slug': 'presidential-election-winner-2024'}",,
326,presidential-election-winner-2024,2024-05-22 03:00:03+00:00,zscore_spike_manual,medium,"{'mode': 'manual_sql', 'price': 0.555, 'window': 30, 'z_score': 3.173338737078868, 'detector': 'ZScoreDetector', 'threshold': 2.5, 'market_slug': 'presidential-election-winner-2024'}",,
325,presidential-election-winner-2024,2024-05-21 08:00:03+00:00,zscore_spike_manual,medium,"{'mode': 'manual_sql', 'price': 0.545, 'window': 30, 'z_score': 1.37853535875534, 'detector': 'ZScoreDetector', 'threshold': 2.5, 'market_slug': 'presidential-election-winner-2024'}",,
324,presidential-election-winner-2024,2024-05-21 07:00:04+00:00,zscore_spike_manual,medium,"{'mode': 'manual_sql', 'price': 0.545, 'window': 30, 'z_score': 1.4846601051076862, 'detector': 'ZScoreDetector', 'threshold': 2.5, 'market_slug': 'presidential-election-winner-2024'}",,
323,presidential-election-winner-2024,2024-05-21 06:00:02+00:00,zscore_spike_manual,medium,"{'mode': 'manual_sql', 'price': 0.545, 'window': 30, 'z_score': 1.6067837955981588, 'detector': 'ZScoreDetector', 'threshold': 2.5, 'market_slug': 'presidential-election-winner-2024'}",,
322,presidential-election-winner-2024,2024-05-21 05:00:03+00:00,zscore_spike_manual,medium,"{'mode': 'manual_sql', 'price': 0.545, 'window': 30, 'z_score': 1.750169679251278, 'detector': 'ZScoreDetector', 'threshold': 2.5, 'market_slug': 'presidential-election-winner-2024'}",,
321,presidential-election-winner-2024,2024-05-21 04:00:03+00:00,zscore_spike_manual,medium,"{'mode': 'manual_sql', 'price': 0.545, 'window': 30, 'z_score': 1.9228807607959983, 'detector': 'ZScoreDetector', 'threshold': 2.5, 'market_slug': 'presidential-election-winner-2024'}",,
320,presidential-election-winner-2024,2024-05-21 03:00:03+00:00,zscore_spike_manual,medium,"{'mode': 'manual_sql', 'price': 0.545, 'window': 30, 'z_score': 2.1380417580157687, 'detector': 'ZScoreDetector', 'threshold': 2.5, 'market_slug': 'presidential-election-winner-2024'}",,
319,presidential-election-winner-2024,2024-05-21 02:00:02+00:00,zscore_spike_manual,medium,"{'mode': 'manual_sql', 'price': 0.545, 'window': 30, 'z_score': 2.4188450893281996, 'detector': 'ZScoreDetector', 'threshold': 2.5, 'market_slug': 'presidential-election-winner-2024'}",,
318,presidential-election-winner-2024,2024-05-21 01:00:03+00:00,zscore_spike_manual,medium,"{'mode': 'manual_sql', 'price': 0.545, 'window': 30, 'z_score': 2.8113671323068274, 'detector': 'ZScoreDetector', 'threshold': 2.5, 'market_slug': 'presidential-election-winner-2024'}",,
317,presidential-election-winner-2024,2024-05-21 00:00:03+00:00,zscore_spike_manual,medium,"{'mode': 'manual_sql', 'price': 0.54, 'window': 30, 'z_score': 2.7357630543808353, 'detector': 'ZScoreDetector', 'threshold': 2.5, 'market_slug': 'presidential-election-winner-2024'}",,
316,presidential-election-winner-2024,2024-05-20 23:00:03+00:00,zscore_spike_manual,medium,"{'mode': 'manual_sql', 'price': 0.535, 'window': 30, 'z_score': 2.5024133024501665, 'detector': 'ZScoreDetector', 'threshold': 2.5, 'market_slug': 'presidential-election-winner-2024'}",,
315,presidential-election-winner-2024,2024-05-20 22:00:03+00:00,zscore_spike_manual,medium,"{'mode': 'manual_sql', 'price': 0.535, 'window': 30, 'z_score': 2.9373676774265833, 'detector': 'ZScoreDetector', 'threshold': 2.5, 'market_slug': 'presidential-election-winner-2024'}",,
314,presidential-election-winner-2024,2024-05-20 16:00:03+00:00,zscore_spike_manual,medium,"{'mode': 'manual_sql', 'price': 0.525, 'window': 30, 'z_score': 2.506657801411477, 'detector': 'ZScoreDetector', 'threshold': 2.5, 'market_slug': 'presidential-election-winner-2024'}",,
313,presidential-election-winner-2024,2024-05-20 15:00:03+00:00,zscore_spike_manual,medium,"{'mode': 'manual_sql', 'price': 0.525, 'window': 30, 'z_score': 2.9495762407636748, 'detector': 'ZScoreDetector', 'threshold': 2.5, 'market_slug': 'presidential-election-winner-2024'}",,
312,presidential-election-winner-2024,2024-05-20 14:00:03+00:00,zscore_spike_manual,medium,"{'mode': 'manual_sql', 'price': 0.525, 'window': 30, 'z_score': 3.678767909709325, 'detector': 'ZScoreDetector', 'threshold': 2.5, 'market_slug': 'presidential-election-winner-2024'}",,
311,presidential-election-winner-2024,2024-05-20 13:00:03+00:00,zscore_spike_manual,high,"{'mode': 'manual_sql', 'price': 0.525, 'window': 30, 'z_score': 5.294651389282059, 'detector': 'ZScoreDetector', 'threshold': 2.5, 'market_slug': 'presidential-election-winner-2024'}",,
310,presidential-election-winner-2024,2024-05-18 06:00:03+00:00,zscore_spike_manual,medium,"{'mode': 'manual_sql', 'price': 0.515, 'window': 30, 'z_score': 2.170135921313131, 'detector': 'ZScoreDetector', 'threshold': 2.5, 'market_slug': 'presidential-election-winner-2024'}",,
309,presidential-election-winner-2024,2024-05-18 05:00:03+00:00,zscore_spike_manual,medium,"{'mode': 'manual_sql', 'price': 0.515, 'window': 30, 'z_score': 2.4299833902977626, 'detector': 'ZScoreDetector', 'threshold': 2.5, 'market_slug': 'presidential-election-winner-2024'}",,
308,presidential-election-winner-2024,2024-05-17 13:00:03+00:00,zscore_spike_manual,medium,"{'mode': 'manual_sql', 'price': 0.505, 'window': 30, 'z_score': 2.5066578014097116, 'detector': 'ZScoreDetector', 'threshold': 2.5, 'market_slug': 'presidential-election-winner-2024'}",,
307,presidential-election-winner-2024,2024-05-17 12:00:04+00:00,zscore_spike_manual,medium,"{'mode': 'manual_sql', 'price': 0.505, 'window': 30, 'z_score': 2.9495762407609507, 'detector': 'ZScoreDetector', 'threshold': 2.5, 'market_slug': 'presidential-election-winner-2024'}",,
306,presidential-election-winner-2024,2024-05-17 11:00:04+00:00,zscore_spike_manual,medium,"{'mode': 'manual_sql', 'price': 0.505, 'window': 30, 'z_score': 3.6787679097044856, 'detector': 'ZScoreDetector', 'threshold': 2.5, 'market_slug': 'presidential-election-winner-2024'}",,
305,presidential-election-winner-2024,2024-05-17 10:00:03+00:00,zscore_spike_manual,high,"{'mode': 'manual_sql', 'price': 0.505, 'window': 30, 'z_score': 5.294651389268563, 'detector': 'ZScoreDetector', 'threshold': 2.5, 'market_slug': 'presidential-election-winner-2024'}",,
304,presidential-election-winner-2024,2024-05-15 21:00:03+00:00,zscore_spike_manual,medium,"{'mode': 'manual_sql', 'price': 0.495, 'window': 30, 'z_score': 2.5066578014087524, 'detector': 'ZScoreDetector', 'threshold': 2.5, 'market_slug': 'presidential-election-winner-2024'}",,
303,presidential-election-winner-2024,2024-05-15 20:00:03+00:00,zscore_spike_manual,medium,"{'mode': 'manual_sql', 'price': 0.495, 'window': 30, 'z_score': 2.9495762407595323, 'detector': 'ZScoreDetector', 'threshold': 2.5, 'market_slug': 'presidential-election-winner-2024'}",,
302,presidential-election-winner-2024,2024-05-15 19:00:03+00:00,zscore_spike_manual,medium,"{'mode': 'manual_sql', 'price': 0.495, 'window': 30, 'z_score': 3.678767909701873, 'detector': 'ZScoreDetector', 'threshold': 2.5, 'market_slug': 'presidential-election-winner-2024'}",,
301,presidential-election-winner-2024,2024-05-15 18:00:03+00:00,zscore_spike_manual,high,"{'mode': 'manual_sql', 'price': 0.495, 'window': 30, 'z_score': 5.294651389261271, 'detector': 'ZScoreDetector', 'threshold': 2.5, 'market_slug': 'presidential-election-winner-2024'}",,
300,presidential-election-winner-2024,2024-05-14 04:00:03+00:00,zscore_spike_manual,medium,"{'mode': 'manual_sql', 'price': 0.485, 'window': 30, 'z_score': 1.204159457879288, 'detector': 'ZScoreDetector', 'threshold': 2.5, 'market_slug': 'presidential-election-winner-2024'}",,
299,presidential-election-winner-2024,2024-05-14 03:00:03+00:00,zscore_spike_manual,medium,"{'mode': 'manual_sql', 'price': 0.485, 'window': 30, 'z_score': 1.2914489442432513, 'detector': 'ZScoreDetector', 'threshold': 2.5, 'market_slug': 'presidential-election-winner-2024'}",,
298,presidential-election-winner-2024,2024-05-14 02:00:04+00:00,zscore_spike_manual,medium,"{'mode': 'manual_sql', 'price': 0.485, 'window': 30, 'z_score': 1.3889225781467118, 'detector': 'ZScoreDetector', 'threshold': 2.5, 'market_slug': 'presidential-election-winner-2024'}",,
297,presidential-election-winner-2024,2024-05-14 01:00:03+00:00,zscore_spike_manual,medium,"{'mode': 'manual_sql', 'price': 0.485, 'window': 30, 'z_score': 1.499388254460766, 'detector': 'ZScoreDetector', 'threshold': 2.5, 'market_slug': 'presidential-election-winner-2024'}",,
296,presidential-election-winner-2024,2024-05-14 00:00:03+00:00,zscore_spike_manual,medium,"{'mode': 'manual_sql', 'price': 0.51, 'window': 30, 'z_score': 3.1147546493290146, 'detector': 'ZScoreDetector', 'threshold': 2.5, 'market_slug': 'presidential-election-winner-2024'}",,
295,presidential-election-winner-2024,2024-05-13 23:00:03+00:00,zscore_spike_manual,medium,"{'mode': 'manual_sql', 'price': 0.48, 'window': 30, 'z_score': 1.7843115530467355, 'detector': 'ZScoreDetector', 'threshold': 2.5, 'market_slug': 'presidential-election-winner-2024'}",,
294,presidential-election-winner-2024,2024-05-13 22:00:03+00:00,zscore_spike_manual,medium,"{'mode': 'manual_sql', 'price': 0.475, 'window': 30, 'z_score': 1.5839903513803895, 'detector': 'ZScoreDetector', 'threshold': 2.5, 'market_slug': 'presidential-election-winner-2024'}",,
293,presidential-election-winner-2024,2024-05-13 21:00:04+00:00,zscore_spike_manual,medium,"{'mode': 'manual_sql', 'price': 0.475, 'window': 30, 'z_score': 1.7265988394273535, 'detector': 'ZScoreDetector', 'threshold': 2.5, 'market_slug': 'presidential-election-winner-2024'}",,
292,presidential-election-winner-2024,2024-05-13 20:00:03+00:00,zscore_spike_manual,medium,"{'mode': 'manual_sql', 'price': 0.475, 'window': 30, 'z_score': 1.8978478558669676, 'detector': 'ZScoreDetector', 'threshold': 2.5, 'market_slug': 'presidential-election-winner-2024'}",,
291,presidential-election-winner-2024,2024-05-13 19:00:03+00:00,zscore_spike_manual,medium,"{'mode': 'manual_sql', 'price': 0.475, 'window': 30, 'z_score': 2.1105131346789205, 'detector': 'ZScoreDetector', 'threshold': 2.5, 'market_slug': 'presidential-election-winner-2024'}",,
290,presidential-election-winner-2024,2024-05-13 18:00:03+00:00,zscore_spike_manual,medium,"{'mode': 'manual_sql', 'price': 0.475, 'window': 30, 'z_score': 2.3870539482485618, 'detector': 'ZScoreDetector', 'threshold': 2.5, 'market_slug': 'presidential-election-winner-2024'}",,
289,presidential-election-winner-2024,2024-05-13 17:00:02+00:00,zscore_spike_manual,medium,"{'mode': 'manual_sql', 'price': 0.48, 'window': 30, 'z_score': 3.31174420618855, 'detector': 'ZScoreDetector', 'threshold': 2.5, 'market_slug': 'presidential-election-winner-2024'}",,
288,presidential-election-winner-2024,2024-05-13 16:00:03+00:00,zscore_spike_manual,medium,"{'mode': 'manual_sql', 'price': 0.465, 'window': 30, 'z_score': 2.321950155397419, 'detector': 'ZScoreDetector', 'threshold': 2.5, 'market_slug': 'presidential-election-winner-2024'}",,
287,presidential-election-winner-2024,2024-05-13 15:00:03+00:00,zscore_spike_manual,medium,"{'mode': 'manual_sql', 'price': 0.465, 'window': 30, 'z_score': 2.678948987340192, 'detector': 'ZScoreDetector', 'threshold': 2.5, 'market_slug': 'presidential-election-winner-2024'}",,
286,presidential-election-winner-2024,2024-05-13 14:00:03+00:00,zscore_spike_manual,medium,"{'mode': 'manual_sql', 'price': 0.465, 'window': 30, 'z_score': 3.2180967478768934, 'detector': 'ZScoreDetector', 'threshold': 2.5, 'market_slug': 'presidential-election-winner-2024'}",,
285,presidential-election-winner-2024,2024-05-13 13:00:03+00:00,zscore_spike_manual,high,"{'mode': 'manual_sql', 'price': 0.465, 'window': 30, 'z_score': 4.196215716968772, 'detector': 'ZScoreDetector', 'threshold': 2.5, 'market_slug': 'presidential-election-winner-2024'}",,
284,presidential-election-winner-2024,2024-05-13 12:00:03+00:00,zscore_spike_manual,high,"{'mode': 'manual_sql', 'price': 0.46, 'window': 30, 'z_score': 5.294651389223142, 'detector': 'ZScoreDetector', 'threshold': 2.5, 'market_slug': 'presidential-election-winner-2024'}",,
283,presidential-election-winner-2024,2024-05-09 14:00:03+00:00,zscore_spike_manual,medium,"{'mode': 'manual_sql', 'price': 0.445, 'window': 30, 'z_score': -1.2283904466542441, 'detector': 'ZScoreDetector', 'threshold': 2.5, 'market_slug': 'presidential-election-winner-2024'}",,
282,presidential-election-winner-2024,2024-05-09 13:00:03+00:00,zscore_spike_manual,medium,"{'mode': 'manual_sql', 'price': 0.445, 'window': 30, 'z_score': -1.3172686466211863, 'detector': 'ZScoreDetector', 'threshold': 2.5, 'market_slug': 'presidential-election-winner-2024'}",,
281,presidential-election-winner-2024,2024-05-09 12:00:03+00:00,zscore_spike_manual,medium,"{'mode': 'manual_sql', 'price': 0.445, 'window': 30, 'z_score': -1.4169305938164514, 'detector': 'ZScoreDetector', 'threshold': 2.5, 'market_slug': 'presidential-election-winner-2024'}",,
280,presidential-election-winner-2024,2024-05-09 11:00:04+00:00,zscore_spike_manual,medium,"{'mode': 'manual_sql', 'price': 0.445, 'window': 30, 'z_score': -1.5303784386709718, 'detector': 'ZScoreDetector', 'threshold': 2.5, 'market_slug': 'presidential-election-winner-2024'}",,
279,presidential-election-winner-2024,2024-05-09 10:00:03+00:00,zscore_spike_manual,medium,"{'mode': 'manual_sql', 'price': 0.445, 'window': 30, 'z_score': -1.6618979396779776, 'detector': 'ZScoreDetector', 'threshold': 2.5, 'market_slug': 'presidential-election-winner-2024'}",,
278,presidential-election-winner-2024,2024-05-09 09:00:03+00:00,zscore_spike_manual,medium,"{'mode': 'manual_sql', 'price': 0.445, 'window': 30, 'z_score': -1.817869952112149, 'detector': 'ZScoreDetector', 'threshold': 2.5, 'market_slug': 'presidential-election-winner-2024'}",,
277,presidential-election-winner-2024,2024-05-09 08:00:03+00:00,zscore_spike_manual,medium,"{'mode': 'manual_sql', 'price': 0.445, 'window': 30, 'z_score': -2.008316044186139, 'detector': 'ZScoreDetector', 'threshold': 2.5, 'market_slug': 'presidential-election-winner-2024'}",,
276,presidential-election-winner-2024,2024-05-09 07:00:04+00:00,zscore_spike_manual,medium,"{'mode': 'manual_sql', 'price': 0.445, 'window': 30, 'z_score': -2.25011917542904, 'detector': 'ZScoreDetector', 'threshold': 2.5, 'market_slug': 'presidential-election-winner-2024'}",,
275,presidential-election-winner-2024,2024-05-09 06:00:03+00:00,zscore_spike_manual,medium,"{'mode': 'manual_sql', 'price': 0.445, 'window': 30, 'z_score': -2.5746012173881168, 'detector': 'ZScoreDetector', 'threshold': 2.5, 'market_slug': 'presidential-election-winner-2024'}",,
274,presidential-election-winner-2024,2024-05-09 05:00:04+00:00,zscore_spike_manual,medium,"{'mode': 'manual_sql', 'price': 0.445, 'window': 30, 'z_score': -3.0487492181025435, 'detector': 'ZScoreDetector', 'threshold': 2.5, 'market_slug': 'presidential-election-winner-2024'}",,
273,presidential-election-winner-2024,2024-05-09 04:00:03+00:00,zscore_spike_manual,medium,"{'mode': 'manual_sql', 'price': 0.455, 'window': 30, 'z_score': -1.630439613520602, 'detector': 'ZScoreDetector', 'threshold': 2.5, 'market_slug': 'presidential-election-winner-2024'}",,
272,presidential-election-winner-2024,2024-05-09 03:00:03+00:00,zscore_spike_manual,medium,"{'mode': 'manual_sql', 'price': 0.455, 'window': 30, 'z_score': -1.7821869924886113, 'detector': 'ZScoreDetector', 'threshold': 2.5, 'market_slug': 'presidential-election-winner-2024'}",,
271,presidential-election-winner-2024,2024-05-09 02:00:03+00:00,zscore_spike_manual,medium,"{'mode': 'manual_sql', 'price': 0.455, 'window': 30, 'z_score': -1.9663841605021444, 'detector': 'ZScoreDetector', 'threshold': 2.5, 'market_slug': 'presidential-election-winner-2024'}",,
270,presidential-election-winner-2024,2024-05-09 01:00:03+00:00,zscore_spike_manual,medium,"{'mode': 'manual_sql', 'price': 0.455, 'window': 30, 'z_score': -2.198484326381141, 'detector': 'ZScoreDetector', 'threshold': 2.5, 'market_slug': 'presidential-election-winner-2024'}",,
269,presidential-election-winner-2024,2024-05-09 00:00:03+00:00,zscore_spike_manual,medium,"{'mode': 'manual_sql', 'price': 0.455, 'window': 30, 'z_score': -2.5066578014059764, 'detector': 'ZScoreDetector', 'threshold': 2.5, 'market_slug': 'presidential-election-winner-2024'}",,
268,presidential-election-winner-2024,2024-05-08 23:00:03+00:00,zscore_spike_manual,medium,"{'mode': 'manual_sql', 'price': 0.455, 'window': 30, 'z_score': -2.9495762407554396, 'detector': 'ZScoreDetector', 'threshold': 2.5, 'market_slug': 'presidential-election-winner-2024'}",,
267,presidential-election-winner-2024,2024-05-08 22:00:04+00:00,zscore_spike_manual,medium,"{'mode': 'manual_sql', 'price': 0.455, 'window': 30, 'z_score': -3.6787679096946015, 'detector': 'ZScoreDetector', 'threshold': 2.5, 'market_slug': 'presidential-election-winner-2024'}",,
266,presidential-election-winner-2024,2024-05-08 21:00:03+00:00,zscore_spike_manual,high,"{'mode': 'manual_sql', 'price': 0.455, 'window': 30, 'z_score': -5.294651389241497, 'detector': 'ZScoreDetector', 'threshold': 2.5, 'market_slug': 'presidential-election-winner-2024'}",,
265,presidential-election-winner-2024,2024-05-03 22:00:02+00:00,zscore_spike_manual,medium,"{'mode': 'manual_sql', 'price': 0.465, 'window': 30, 'z_score': 2.506657801405404, 'detector': 'ZScoreDetector', 'threshold': 2.5, 'market_slug': 'presidential-election-winner-2024'}",,
264,presidential-election-winner-2024,2024-05-03 21:00:02+00:00,zscore_spike_manual,medium,"{'mode': 'manual_sql', 'price': 0.465, 'window': 30, 'z_score': 2.9495762407544857, 'detector': 'ZScoreDetector', 'threshold': 2.5, 'market_slug': 'presidential-election-winner-2024'}",,
263,presidential-election-winner-2024,2024-05-03 20:00:02+00:00,zscore_spike_manual,medium,"{'mode': 'manual_sql', 'price': 0.465, 'window': 30, 'z_score': 3.678767909692789, 'detector': 'ZScoreDetector', 'threshold': 2.5, 'market_slug': 'presidential-election-winner-2024'}",,
262,presidential-election-winner-2024,2024-05-03 19:00:03+00:00,zscore_spike_manual,high,"{'mode': 'manual_sql', 'price': 0.465, 'window': 30, 'z_score': 5.294651389236086, 'detector': 'ZScoreDetector', 'threshold': 2.5, 'market_slug': 'presidential-election-winner-2024'}",,
261,presidential-election-winner-2024,2024-05-01 16:00:03+00:00,zscore_spike_manual,medium,"{'mode': 'manual_sql', 'price': 0.455, 'window': 30, 'z_score': 1.2283904466541453, 'detector': 'ZScoreDetector', 'threshold': 2.5, 'market_slug': 'presidential-election-winner-2024'}",,
260,presidential-election-winner-2024,2024-05-01 15:00:03+00:00,zscore_spike_manual,medium,"{'mode': 'manual_sql', 'price': 0.455, 'window': 30, 'z_score': 1.3172686466210692, 'detector': 'ZScoreDetector', 'threshold': 2.5, 'market_slug': 'presidential-election-winner-2024'}",,
259,presidential-election-winner-2024,2024-05-01 14:00:03+00:00,zscore_spike_manual,medium,"{'mode': 'manual_sql', 'price': 0.455, 'window': 30, 'z_score': 1.4169305938163181, 'detector': 'ZScoreDetector', 'threshold': 2.5, 'market_slug': 'presidential-election-winner-2024'}",,
258,presidential-election-winner-2024,2024-05-01 13:00:02+00:00,zscore_spike_manual,medium,"{'mode': 'manual_sql', 'price': 0.455, 'window': 30, 'z_score': 1.5303784386708092, 'detector': 'ZScoreDetector', 'threshold': 2.5, 'market_slug': 'presidential-election-winner-2024'}",,
257,presidential-election-winner-2024,2024-05-01 12:00:03+00:00,zscore_spike_manual,medium,"{'mode': 'manual_sql', 'price': 0.455, 'window': 30, 'z_score': 1.6618979396777815, 'detector': 'ZScoreDetector', 'threshold': 2.5, 'market_slug': 'presidential-election-winner-2024'}",,
256,presidential-election-winner-2024,2024-05-01 11:00:03+00:00,zscore_spike_manual,medium,"{'mode': 'manual_sql', 'price': 0.455, 'window': 30, 'z_score': 1.8178699521118908, 'detector': 'ZScoreDetector', 'threshold': 2.5, 'market_slug': 'presidential-election-winner-2024'}",,
255,presidential-election-winner-2024,2024-05-01 10:00:03+00:00,zscore_spike_manual,medium,"{'mode': 'manual_sql', 'price': 0.455, 'window': 30, 'z_score': 2.008316044185793, 'detector': 'ZScoreDetector', 'threshold': 2.5, 'market_slug': 'presidential-election-winner-2024'}",,
254,presidential-election-winner-2024,2024-05-01 09:00:03+00:00,zscore_spike_manual,medium,"{'mode': 'manual_sql', 'price': 0.455, 'window': 30, 'z_score': 2.250119175428576, 'detector': 'ZScoreDetector', 'threshold': 2.5, 'market_slug': 'presidential-election-winner-2024'}",,
253,presidential-election-winner-2024,2024-05-01 08:00:02+00:00,zscore_spike_manual,medium,"{'mode': 'manual_sql', 'price': 0.455, 'window': 30, 'z_score': 2.574601217387438, 'detector': 'ZScoreDetector', 'threshold': 2.5, 'market_slug': 'presidential-election-winner-2024'}",,
252,presidential-election-winner-2024,2024-05-01 07:00:03+00:00,zscore_spike_manual,medium,"{'mode': 'manual_sql', 'price': 0.455, 'window': 30, 'z_score': 3.0487492181014484, 'detector': 'ZScoreDetector', 'threshold': 2.5, 'market_slug': 'presidential-election-winner-2024'}",,
251,presidential-election-winner-2024,2024-05-01 06:00:03+00:00,zscore_spike_manual,medium,"{'mode': 'manual_sql', 'price': 0.445, 'window': 30, 'z_score': 1.6304396135196926, 'detector': 'ZScoreDetector', 'threshold': 2.5, 'market_slug': 'presidential-election-winner-2024'}",,
250,presidential-election-winner-2024,2024-05-01 05:00:02+00:00,zscore_spike_manual,medium,"{'mode': 'manual_sql', 'price': 0.445, 'window': 30, 'z_score': 1.782186992487509, 'detector': 'ZScoreDetector', 'threshold': 2.5, 'market_slug': 'presidential-election-winner-2024'}",,
249,presidential-election-winner-2024,2024-05-01 04:00:03+00:00,zscore_spike_manual,medium,"{'mode': 'manual_sql', 'price': 0.445, 'window': 30, 'z_score': 1.9663841605007328, 'detector': 'ZScoreDetector', 'threshold': 2.5, 'market_slug': 'presidential-election-winner-2024'}",,
248,presidential-election-winner-2024,2024-05-01 03:00:03+00:00,zscore_spike_manual,medium,"{'mode': 'manual_sql', 'price': 0.445, 'window': 30, 'z_score': 2.1984843263792775, 'detector': 'ZScoreDetector', 'threshold': 2.5, 'market_slug': 'presidential-election-winner-2024'}",,
247,presidential-election-winner-2024,2024-05-01 02:00:03+00:00,zscore_spike_manual,medium,"{'mode': 'manual_sql', 'price': 0.445, 'window': 30, 'z_score': 2.5066578014033634, 'detector': 'ZScoreDetector', 'threshold': 2.5, 'market_slug': 'presidential-election-winner-2024'}",,
246,presidential-election-winner-2024,2024-05-01 01:00:03+00:00,zscore_spike_manual,medium,"{'mode': 'manual_sql', 'price': 0.445, 'window': 30, 'z_score': 2.9495762407513904, 'detector': 'ZScoreDetector', 'threshold': 2.5, 'market_slug': 'presidential-election-winner-2024'}",,
245,presidential-election-winner-2024,2024-05-01 00:00:03+00:00,zscore_spike_manual,medium,"{'mode': 'manual_sql', 'price': 0.445, 'window': 30, 'z_score': 3.6787679096871626, 'detector': 'ZScoreDetector', 'threshold': 2.5, 'market_slug': 'presidential-election-winner-2024'}",,
244,presidential-election-winner-2024,2024-04-30 23:00:03+00:00,zscore_spike_manual,high,"{'mode': 'manual_sql', 'price': 0.445, 'window': 30, 'z_score': 5.294651389220449, 'detector': 'ZScoreDetector', 'threshold': 2.5, 'market_slug': 'presidential-election-winner-2024'}",,
243,presidential-election-winner-2024,2024-04-27 03:00:03+00:00,zscore_spike_manual,medium,"{'mode': 'manual_sql', 'price': 0.435, 'window': 30, 'z_score': 2.506657801402309, 'detector': 'ZScoreDetector', 'threshold': 2.5, 'market_slug': 'presidential-election-winner-2024'}",,
242,presidential-election-winner-2024,2024-04-27 02:00:03+00:00,zscore_spike_manual,medium,"{'mode': 'manual_sql', 'price': 0.435, 'window': 30, 'z_score': 2.949576240749767, 'detector': 'ZScoreDetector', 'threshold': 2.5, 'market_slug': 'presidential-election-winner-2024'}",,
241,presidential-election-winner-2024,2024-04-27 01:00:03+00:00,zscore_spike_manual,medium,"{'mode': 'manual_sql', 'price': 0.435, 'window': 30, 'z_score': 3.678767909684246, 'detector': 'ZScoreDetector', 'threshold': 2.5, 'market_slug': 'presidential-election-winner-2024'}",,
240,presidential-election-winner-2024,2024-04-27 00:00:03+00:00,zscore_spike_manual,high,"{'mode': 'manual_sql', 'price': 0.435, 'window': 30, 'z_score': 5.294651389212252, 'detector': 'ZScoreDetector', 'threshold': 2.5, 'market_slug': 'presidential-election-winner-2024'}",,
239,presidential-election-winner-2024,2024-04-25 03:00:03+00:00,zscore_spike_manual,medium,"{'mode': 'manual_sql', 'price': 0.425, 'window': 30, 'z_score': -1.204159457879243, 'detector': 'ZScoreDetector', 'threshold': 2.5, 'market_slug': 'presidential-election-winner-2024'}",,
238,presidential-election-winner-2024,2024-04-25 02:00:03+00:00,zscore_spike_manual,medium,"{'mode': 'manual_sql', 'price': 0.425, 'window': 30, 'z_score': -1.292167547068495, 'detector': 'ZScoreDetector', 'threshold': 2.5, 'market_slug': 'presidential-election-winner-2024'}",,
237,presidential-election-winner-2024,2024-04-25 01:00:03+00:00,zscore_spike_manual,medium,"{'mode': 'manual_sql', 'price': 0.425, 'window': 30, 'z_score': -1.3904435743076582, 'detector': 'ZScoreDetector', 'threshold': 2.5, 'market_slug': 'presidential-election-winner-2024'}",,
236,presidential-election-winner-2024,2024-04-25 00:00:03+00:00,zscore_spike_manual,medium,"{'mode': 'manual_sql', 'price': 0.425, 'window': 30, 'z_score': -1.501850710142561, 'detector': 'ZScoreDetector', 'threshold': 2.5, 'market_slug': 'presidential-election-winner-2024'}",,
235,presidential-election-winner-2024,2024-04-24 23:00:03+00:00,zscore_spike_manual,medium,"{'mode': 'manual_sql', 'price': 0.425, 'window': 30, 'z_score': -1.630439613519481, 'detector': 'ZScoreDetector', 'threshold': 2.5, 'market_slug': 'presidential-election-winner-2024'}",,
234,presidential-election-winner-2024,2024-04-24 22:00:03+00:00,zscore_spike_manual,medium,"{'mode': 'manual_sql', 'price': 0.425, 'window': 30, 'z_score': -1.78218699248729, 'detector': 'ZScoreDetector', 'threshold': 2.5, 'market_slug': 'presidential-election-winner-2024'}",,
233,presidential-election-winner-2024,2024-04-24 21:00:02+00:00,zscore_spike_manual,medium,"{'mode': 'manual_sql', 'price': 0.425, 'window': 30, 'z_score': -1.9663841605005052, 'detector': 'ZScoreDetector', 'threshold': 2.5, 'market_slug': 'presidential-election-winner-2024'}",,
232,presidential-election-winner-2024,2024-04-24 20:00:02+00:00,zscore_spike_manual,medium,"{'mode': 'manual_sql', 'price': 0.425, 'window': 30, 'z_score': -2.19848432637905, 'detector': 'ZScoreDetector', 'threshold': 2.5, 'market_slug': 'presidential-election-winner-2024'}",,
231,presidential-election-winner-2024,2024-04-24 19:00:02+00:00,zscore_spike_manual,medium,"{'mode': 'manual_sql', 'price': 0.425, 'window': 30, 'z_score': -2.506657801403099, 'detector': 'ZScoreDetector', 'threshold': 2.5, 'market_slug': 'presidential-election-winner-2024'}",,
230,presidential-election-winner-2024,2024-04-24 18:00:03+00:00,zscore_spike_manual,medium,"{'mode': 'manual_sql', 'price': 0.425, 'window': 30, 'z_score': -2.949576240751107, 'detector': 'ZScoreDetector', 'threshold': 2.5, 'market_slug': 'presidential-election-winner-2024'}",,
229,presidential-election-winner-2024,2024-04-24 17:00:02+00:00,zscore_spike_manual,medium,"{'mode': 'manual_sql', 'price': 0.425, 'window': 30, 'z_score': -3.6787679096867967, 'detector': 'ZScoreDetector', 'threshold': 2.5, 'market_slug': 'presidential-election-winner-2024'}",,
228,presidential-election-winner-2024,2024-04-24 16:00:03+00:00,zscore_spike_manual,high,"{'mode': 'manual_sql', 'price': 0.425, 'window': 30, 'z_score': -5.294651389219926, 'detector': 'ZScoreDetector', 'threshold': 2.5, 'market_slug': 'presidential-election-winner-2024'}",,
227,presidential-election-winner-2024,2024-04-20 18:00:02+00:00,zscore_spike_manual,medium,"{'mode': 'manual_sql', 'price': 0.435, 'window': 30, 'z_score': 2.5066578014023095, 'detector': 'ZScoreDetector', 'threshold': 2.5, 'market_slug': 'presidential-election-winner-2024'}",,
226,presidential-election-winner-2024,2024-04-20 17:00:03+00:00,zscore_spike_manual,medium,"{'mode': 'manual_sql', 'price': 0.435, 'window': 30, 'z_score': 2.949576240749768, 'detector': 'ZScoreDetector', 'threshold': 2.5, 'market_slug': 'presidential-election-winner-2024'}",,
225,presidential-election-winner-2024,2024-04-20 16:00:02+00:00,zscore_spike_manual,medium,"{'mode': 'manual_sql', 'price': 0.435, 'window': 30, 'z_score': 3.678767909684247, 'detector': 'ZScoreDetector', 'threshold': 2.5, 'market_slug': 'presidential-election-winner-2024'}",,
224,presidential-election-winner-2024,2024-04-20 15:00:03+00:00,zscore_spike_manual,high,"{'mode': 'manual_sql', 'price': 0.435, 'window': 30, 'z_score': 5.294651389212255, 'detector': 'ZScoreDetector', 'threshold': 2.5, 'market_slug': 'presidential-election-winner-2024'}",,
223,presidential-election-winner-2024,2024-04-19 08:00:03+00:00,zscore_spike_manual,medium,"{'mode': 'manual_sql', 'price': 0.425, 'window': 30, 'z_score': -1.501850710142586, 'detector': 'ZScoreDetector', 'threshold': 2.5, 'market_slug': 'presidential-election-winner-2024'}",,
222,presidential-election-winner-2024,2024-04-19 07:00:03+00:00,zscore_spike_manual,medium,"{'mode': 'manual_sql', 'price': 0.425, 'window': 30, 'z_score': -1.6304396135195147, 'detector': 'ZScoreDetector', 'threshold': 2.5, 'market_slug': 'presidential-election-winner-2024'}",,
221,presidential-election-winner-2024,2024-04-19 06:00:03+00:00,zscore_spike_manual,medium,"{'mode': 'manual_sql', 'price': 0.425, 'window': 30, 'z_score': -1.7821869924873002, 'detector': 'ZScoreDetector', 'threshold': 2.5, 'market_slug': 'presidential-election-winner-2024'}",,
220,presidential-election-winner-2024,2024-04-19 05:00:02+00:00,zscore_spike_manual,medium,"{'mode': 'manual_sql', 'price': 0.425, 'window': 30, 'z_score': -1.9663841605005064, 'detector': 'ZScoreDetector', 'threshold': 2.5, 'market_slug': 'presidential-election-winner-2024'}",,
219,presidential-election-winner-2024,2024-04-19 04:00:02+00:00,zscore_spike_manual,medium,"{'mode': 'manual_sql', 'price': 0.425, 'window': 30, 'z_score': -2.1984843263790386, 'detector': 'ZScoreDetector', 'threshold': 2.5, 'market_slug': 'presidential-election-winner-2024'}",,
218,presidential-election-winner-2024,2024-04-19 03:00:03+00:00,zscore_spike_manual,medium,"{'mode': 'manual_sql', 'price': 0.425, 'window': 30, 'z_score': -2.5066578014030765, 'detector': 'ZScoreDetector', 'threshold': 2.5, 'market_slug': 'presidential-election-winner-2024'}",,
217,presidential-election-winner-2024,2024-04-19 02:00:03+00:00,zscore_spike_manual,medium,"{'mode': 'manual_sql', 'price': 0.425, 'window': 30, 'z_score': -2.949576240751033, 'detector': 'ZScoreDetector', 'threshold': 2.5, 'market_slug': 'presidential-election-winner-2024'}",,
216,presidential-election-winner-2024,2024-04-19 01:00:02+00:00,zscore_spike_manual,medium,"{'mode': 'manual_sql', 'price': 0.425, 'window': 30, 'z_score': -3.6787679096866714, 'detector': 'ZScoreDetector', 'threshold': 2.5, 'market_slug': 'presidential-election-winner-2024'}",,
215,presidential-election-winner-2024,2024-04-19 00:00:03+00:00,zscore_spike_manual,high,"{'mode': 'manual_sql', 'price': 0.425, 'window': 30, 'z_score': -5.294651389219389, 'detector': 'ZScoreDetector', 'threshold': 2.5, 'market_slug': 'presidential-election-winner-2024'}",,
214,presidential-election-winner-2024,2024-04-17 03:00:03+00:00,zscore_spike_manual,medium,"{'mode': 'manual_sql', 'price': 0.445, 'window': 30, 'z_score': -1.2041594578796946, 'detector': 'ZScoreDetector', 'threshold': 2.5, 'market_slug': 'presidential-election-winner-2024'}",,
213,presidential-election-winner-2024,2024-04-17 02:00:02+00:00,zscore_spike_manual,medium,"{'mode': 'manual_sql', 'price': 0.445, 'window': 30, 'z_score': -1.2921675470690044, 'detector': 'ZScoreDetector', 'threshold': 2.5, 'market_slug': 'presidential-election-winner-2024'}",,
212,presidential-election-winner-2024,2024-04-17 01:00:03+00:00,zscore_spike_manual,medium,"{'mode': 'manual_sql', 'price': 0.445, 'window': 30, 'z_score': -1.3904435743082149, 'detector': 'ZScoreDetector', 'threshold': 2.5, 'market_slug': 'presidential-election-winner-2024'}",,
211,presidential-election-winner-2024,2024-04-17 00:00:03+00:00,zscore_spike_manual,medium,"{'mode': 'manual_sql', 'price': 0.445, 'window': 30, 'z_score': -1.5018507101431935, 'detector': 'ZScoreDetector', 'threshold': 2.5, 'market_slug': 'presidential-election-winner-2024'}",,
210,presidential-election-winner-2024,2024-04-16 23:00:03+00:00,zscore_spike_manual,medium,"{'mode': 'manual_sql', 'price': 0.445, 'window': 30, 'z_score': -1.630439613520226, 'detector': 'ZScoreDetector', 'threshold': 2.5, 'market_slug': 'presidential-election-winner-2024'}",,
209,presidential-election-winner-2024,2024-04-16 22:00:03+00:00,zscore_spike_manual,medium,"{'mode': 'manual_sql', 'price': 0.445, 'window': 30, 'z_score': -1.78218699248816, 'detector': 'ZScoreDetector', 'threshold': 2.5, 'market_slug': 'presidential-election-winner-2024'}",,
208,presidential-election-winner-2024,2024-04-16 21:00:03+00:00,zscore_spike_manual,medium,"{'mode': 'manual_sql', 'price': 0.445, 'window': 30, 'z_score': -1.9663841605015853, 'detector': 'ZScoreDetector', 'threshold': 2.5, 'market_slug': 'presidential-election-winner-2024'}",,
207,presidential-election-winner-2024,2024-04-16 20:00:03+00:00,zscore_spike_manual,medium,"{'mode': 'manual_sql', 'price': 0.445, 'window': 30, 'z_score': -2.198484326380418, 'detector': 'ZScoreDetector', 'threshold': 2.5, 'market_slug': 'presidential-election-winner-2024'}",,
206,presidential-election-winner-2024,2024-04-16 19:00:03+00:00,zscore_spike_manual,medium,"{'mode': 'manual_sql', 'price': 0.445, 'window': 30, 'z_score': -2.5066578014049816, 'detector': 'ZScoreDetector', 'threshold': 2.5, 'market_slug': 'presidential-election-winner-2024'}",,
205,presidential-election-winner-2024,2024-04-16 18:00:03+00:00,zscore_spike_manual,medium,"{'mode': 'manual_sql', 'price': 0.445, 'window': 30, 'z_score': -2.9495762407538937, 'detector': 'ZScoreDetector', 'threshold': 2.5, 'market_slug': 'presidential-election-winner-2024'}",,
204,presidential-election-winner-2024,2024-04-16 17:00:03+00:00,zscore_spike_manual,medium,"{'mode': 'manual_sql', 'price': 0.445, 'window': 30, 'z_score': -3.678767909691824, 'detector': 'ZScoreDetector', 'threshold': 2.5, 'market_slug': 'presidential-election-winner-2024'}",,
203,presidential-election-winner-2024,2024-04-16 16:00:03+00:00,zscore_spike_manual,high,"{'mode': 'manual_sql', 'price': 0.445, 'window': 30, 'z_score': -5.294651389233778, 'detector': 'ZScoreDetector', 'threshold': 2.5, 'market_slug': 'presidential-election-winner-2024'}",,
202,presidential-election-winner-2024,2024-04-10 13:00:02+00:00,zscore_spike_manual,medium,"{'mode': 'manual_sql', 'price': 0.455, 'window': 30, 'z_score': -1.2041594578798394, 'detector': 'ZScoreDetector', 'threshold': 2.5, 'market_slug': 'presidential-election-winner-2024'}",,
201,presidential-election-winner-2024,2024-04-10 12:00:02+00:00,zscore_spike_manual,medium,"{'mode': 'manual_sql', 'price': 0.455, 'window': 30, 'z_score': -1.2921675470691514, 'detector': 'ZScoreDetector', 'threshold': 2.5, 'market_slug': 'presidential-election-winner-2024'}",,
200,presidential-election-winner-2024,2024-04-10 11:00:02+00:00,zscore_spike_manual,medium,"{'mode': 'manual_sql', 'price': 0.455, 'window': 30, 'z_score': -1.3904435743083792, 'detector': 'ZScoreDetector', 'threshold': 2.5, 'market_slug': 'presidential-election-winner-2024'}",,
199,presidential-election-winner-2024,2024-04-10 10:00:02+00:00,zscore_spike_manual,medium,"{'mode': 'manual_sql', 'price': 0.455, 'window': 30, 'z_score': -1.5018507101433802, 'detector': 'ZScoreDetector', 'threshold': 2.5, 'market_slug': 'presidential-election-winner-2024'}",,
198,presidential-election-winner-2024,2024-04-10 09:00:02+00:00,zscore_spike_manual,medium,"{'mode': 'manual_sql', 'price': 0.455, 'window': 30, 'z_score': -1.6304396135204418, 'detector': 'ZScoreDetector', 'threshold': 2.5, 'market_slug': 'presidential-election-winner-2024'}",,
197,presidential-election-winner-2024,2024-04-10 08:00:02+00:00,zscore_spike_manual,medium,"{'mode': 'manual_sql', 'price': 0.455, 'window': 30, 'z_score': -1.7821869924884162, 'detector': 'ZScoreDetector', 'threshold': 2.5, 'market_slug': 'presidential-election-winner-2024'}",,
196,presidential-election-winner-2024,2024-04-10 07:00:03+00:00,zscore_spike_manual,medium,"{'mode': 'manual_sql', 'price': 0.455, 'window': 30, 'z_score': -1.966384160501899, 'detector': 'ZScoreDetector', 'threshold': 2.5, 'market_slug': 'presidential-election-winner-2024'}",,
195,presidential-election-winner-2024,2024-04-10 06:00:03+00:00,zscore_spike_manual,medium,"{'mode': 'manual_sql', 'price': 0.455, 'window': 30, 'z_score': -2.1984843263808194, 'detector': 'ZScoreDetector', 'threshold': 2.5, 'market_slug': 'presidential-election-winner-2024'}",,
194,presidential-election-winner-2024,2024-04-10 05:00:02+00:00,zscore_spike_manual,medium,"{'mode': 'manual_sql', 'price': 0.455, 'window': 30, 'z_score': -2.506657801405528, 'detector': 'ZScoreDetector', 'threshold': 2.5, 'market_slug': 'presidential-election-winner-2024'}",,
193,presidential-election-winner-2024,2024-04-10 04:00:03+00:00,zscore_spike_manual,medium,"{'mode': 'manual_sql', 'price': 0.455, 'window': 30, 'z_score': -2.9495762407547312, 'detector': 'ZScoreDetector', 'threshold': 2.5, 'market_slug': 'presidential-election-winner-2024'}",,
192,presidential-election-winner-2024,2024-04-10 03:00:02+00:00,zscore_spike_manual,medium,"{'mode': 'manual_sql', 'price': 0.455, 'window': 30, 'z_score': -3.6787679096933084, 'detector': 'ZScoreDetector', 'threshold': 2.5, 'market_slug': 'presidential-election-winner-2024'}",,
191,presidential-election-winner-2024,2024-04-10 02:00:02+00:00,zscore_spike_manual,high,"{'mode': 'manual_sql', 'price': 0.455, 'window': 30, 'z_score': -5.294651389237874, 'detector': 'ZScoreDetector', 'threshold': 2.5, 'market_slug': 'presidential-election-winner-2024'}",,
190,presidential-election-winner-2024,2024-04-04 07:00:02+00:00,zscore_spike_manual,medium,"{'mode': 'manual_sql', 'price': 0.465, 'window': 30, 'z_score': -1.1858923948775906, 'detector': 'ZScoreDetector', 'threshold': 2.5, 'market_slug': 'presidential-election-winner-2024'}",,
189,presidential-election-winner-2024,2024-04-04 06:00:02+00:00,zscore_spike_manual,medium,"{'mode': 'manual_sql', 'price': 0.465, 'window': 30, 'z_score': -1.2718064904596802, 'detector': 'ZScoreDetector', 'threshold': 2.5, 'market_slug': 'presidential-election-winner-2024'}",,
188,presidential-election-winner-2024,2024-04-04 05:00:03+00:00,zscore_spike_manual,medium,"{'mode': 'manual_sql', 'price': 0.465, 'window': 30, 'z_score': -1.3674527850330889, 'detector': 'ZScoreDetector', 'threshold': 2.5, 'market_slug': 'presidential-election-winner-2024'}",,
187,presidential-election-winner-2024,2024-04-04 04:00:02+00:00,zscore_spike_manual,medium,"{'mode': 'manual_sql', 'price': 0.465, 'window': 30, 'z_score': -1.4754865283463505, 'detector': 'ZScoreDetector', 'threshold': 2.5, 'market_slug': 'presidential-election-winner-2024'}",,
186,presidential-election-winner-2024,2024-04-04 03:00:02+00:00,zscore_spike_manual,medium,"{'mode': 'manual_sql', 'price': 0.465, 'window': 30, 'z_score': -1.5996323106928685, 'detector': 'ZScoreDetector', 'threshold': 2.5, 'market_slug': 'presidential-election-winner-2024'}",,
185,presidential-election-winner-2024,2024-04-04 02:00:02+00:00,zscore_spike_manual,medium,"{'mode': 'manual_sql', 'price': 0.465, 'window': 30, 'z_score': -1.745328661039608, 'detector': 'ZScoreDetector', 'threshold': 2.5, 'market_slug': 'presidential-election-winner-2024'}",,
184,presidential-election-winner-2024,2024-04-04 01:00:02+00:00,zscore_spike_manual,medium,"{'mode': 'manual_sql', 'price': 0.465, 'window': 30, 'z_score': -1.9209193391654156, 'detector': 'ZScoreDetector', 'threshold': 2.5, 'market_slug': 'presidential-election-winner-2024'}",,
183,presidential-election-winner-2024,2024-04-03 19:00:03+00:00,zscore_spike_manual,high,"{'mode': 'manual_sql', 'price': 0.445, 'window': 30, 'z_score': -5.294651389218118, 'detector': 'ZScoreDetector', 'threshold': 2.5, 'market_slug': 'presidential-election-winner-2024'}",,
182,presidential-election-winner-2024,2024-03-30 10:00:03+00:00,zscore_spike_manual,medium,"{'mode': 'manual_sql', 'price': 0.485, 'window': 30, 'z_score': -1.2041594578799948, 'detector': 'ZScoreDetector', 'threshold': 2.5, 'market_slug': 'presidential-election-winner-2024'}",,
181,presidential-election-winner-2024,2024-03-30 09:00:03+00:00,zscore_spike_manual,medium,"{'mode': 'manual_sql', 'price': 0.485, 'window': 30, 'z_score': -1.292167547069321, 'detector': 'ZScoreDetector', 'threshold': 2.5, 'market_slug': 'presidential-election-winner-2024'}",,
180,presidential-election-winner-2024,2024-03-30 08:00:03+00:00,zscore_spike_manual,medium,"{'mode': 'manual_sql', 'price': 0.485, 'window': 30, 'z_score': -1.3904435743085655, 'detector': 'ZScoreDetector', 'threshold': 2.5, 'market_slug': 'presidential-election-winner-2024'}",,
179,presidential-election-winner-2024,2024-03-30 07:00:02+00:00,zscore_spike_manual,medium,"{'mode': 'manual_sql', 'price': 0.485, 'window': 30, 'z_score': -1.5018507101435998, 'detector': 'ZScoreDetector', 'threshold': 2.5, 'market_slug': 'presidential-election-winner-2024'}",,
178,presidential-election-winner-2024,2024-03-30 06:00:02+00:00,zscore_spike_manual,medium,"{'mode': 'manual_sql', 'price': 0.485, 'window': 30, 'z_score': -1.6304396135206904, 'detector': 'ZScoreDetector', 'threshold': 2.5, 'market_slug': 'presidential-election-winner-2024'}",,
177,presidential-election-winner-2024,2024-03-30 05:00:03+00:00,zscore_spike_manual,medium,"{'mode': 'manual_sql', 'price': 0.485, 'window': 30, 'z_score': -1.7821869924886915, 'detector': 'ZScoreDetector', 'threshold': 2.5, 'market_slug': 'presidential-election-winner-2024'}",,
176,presidential-election-winner-2024,2024-03-30 04:00:02+00:00,zscore_spike_manual,medium,"{'mode': 'manual_sql', 'price': 0.485, 'window': 30, 'z_score': -1.9663841605022434, 'detector': 'ZScoreDetector', 'threshold': 2.5, 'market_slug': 'presidential-election-winner-2024'}",,
175,presidential-election-winner-2024,2024-03-30 03:00:03+00:00,zscore_spike_manual,medium,"{'mode': 'manual_sql', 'price': 0.485, 'window': 30, 'z_score': -2.198484326381249, 'detector': 'ZScoreDetector', 'threshold': 2.5, 'market_slug': 'presidential-election-winner-2024'}",,
174,presidential-election-winner-2024,2024-03-30 02:00:02+00:00,zscore_spike_manual,medium,"{'mode': 'manual_sql', 'price': 0.485, 'window': 30, 'z_score': -2.5066578014060843, 'detector': 'ZScoreDetector', 'threshold': 2.5, 'market_slug': 'presidential-election-winner-2024'}",,
173,presidential-election-winner-2024,2024-03-30 01:00:02+00:00,zscore_spike_manual,medium,"{'mode': 'manual_sql', 'price': 0.485, 'window': 30, 'z_score': -2.949576240755554, 'detector': 'ZScoreDetector', 'threshold': 2.5, 'market_slug': 'presidential-election-winner-2024'}",,
172,presidential-election-winner-2024,2024-03-30 00:00:02+00:00,zscore_spike_manual,medium,"{'mode': 'manual_sql', 'price': 0.485, 'window': 30, 'z_score': -3.6787679096947823, 'detector': 'ZScoreDetector', 'threshold': 2.5, 'market_slug': 'presidential-election-winner-2024'}",,
171,presidential-election-winner-2024,2024-03-29 23:00:02+00:00,zscore_spike_manual,high,"{'mode': 'manual_sql', 'price': 0.485, 'window': 30, 'z_score': -5.29465138924179, 'detector': 'ZScoreDetector', 'threshold': 2.5, 'market_slug': 'presidential-election-winner-2024'}",,
170,presidential-election-winner-2024,2024-03-24 07:00:03+00:00,zscore_spike_manual,medium,"{'mode': 'manual_sql', 'price': 0.495, 'window': 30, 'z_score': -1.2041594578794128, 'detector': 'ZScoreDetector', 'threshold': 2.5, 'market_slug': 'presidential-election-winner-2024'}",,
169,presidential-election-winner-2024,2024-03-24 06:00:03+00:00,zscore_spike_manual,medium,"{'mode': 'manual_sql', 'price': 0.495, 'window': 30, 'z_score': -1.2921675470686742, 'detector': 'ZScoreDetector', 'threshold': 2.5, 'market_slug': 'presidential-election-winner-2024'}",,
168,presidential-election-winner-2024,2024-03-24 05:00:03+00:00,zscore_spike_manual,medium,"{'mode': 'manual_sql', 'price': 0.495, 'window': 30, 'z_score': -1.3904435743078372, 'detector': 'ZScoreDetector', 'threshold': 2.5, 'market_slug': 'presidential-election-winner-2024'}",,
167,presidential-election-winner-2024,2024-03-24 04:00:03+00:00,zscore_spike_manual,medium,"{'mode': 'manual_sql', 'price': 0.495, 'window': 30, 'z_score': -1.5018507101427652, 'detector': 'ZScoreDetector', 'threshold': 2.5, 'market_slug': 'presidential-election-winner-2024'}",,
166,presidential-election-winner-2024,2024-03-24 03:00:03+00:00,zscore_spike_manual,medium,"{'mode': 'manual_sql', 'price': 0.495, 'window': 30, 'z_score': -1.6304396135197146, 'detector': 'ZScoreDetector', 'threshold': 2.5, 'market_slug': 'presidential-election-winner-2024'}",,
165,presidential-election-winner-2024,2024-03-24 02:00:03+00:00,zscore_spike_manual,medium,"{'mode': 'manual_sql', 'price': 0.495, 'window': 30, 'z_score': -1.7821869924875215, 'detector': 'ZScoreDetector', 'threshold': 2.5, 'market_slug': 'presidential-election-winner-2024'}",,
164,presidential-election-winner-2024,2024-03-24 01:00:03+00:00,zscore_spike_manual,medium,"{'mode': 'manual_sql', 'price': 0.495, 'window': 30, 'z_score': -1.9663841605007824, 'detector': 'ZScoreDetector', 'threshold': 2.5, 'market_slug': 'presidential-election-winner-2024'}",,
163,presidential-election-winner-2024,2024-03-24 00:00:03+00:00,zscore_spike_manual,medium,"{'mode': 'manual_sql', 'price': 0.495, 'window': 30, 'z_score': -2.1984843263793783, 'detector': 'ZScoreDetector', 'threshold': 2.5, 'market_slug': 'presidential-election-winner-2024'}",,
162,presidential-election-winner-2024,2024-03-23 23:00:03+00:00,zscore_spike_manual,medium,"{'mode': 'manual_sql', 'price': 0.495, 'window': 30, 'z_score': -2.506657801403514, 'detector': 'ZScoreDetector', 'threshold': 2.5, 'market_slug': 'presidential-election-winner-2024'}",,
161,presidential-election-winner-2024,2024-03-23 22:00:03+00:00,zscore_spike_manual,medium,"{'mode': 'manual_sql', 'price': 0.495, 'window': 30, 'z_score': -2.9495762407516644, 'detector': 'ZScoreDetector', 'threshold': 2.5, 'market_slug': 'presidential-election-winner-2024'}",,
160,presidential-election-winner-2024,2024-03-23 21:00:03+00:00,zscore_spike_manual,medium,"{'mode': 'manual_sql', 'price': 0.495, 'window': 30, 'z_score': -3.678767909687754, 'detector': 'ZScoreDetector', 'threshold': 2.5, 'market_slug': 'presidential-election-winner-2024'}",,
159,presidential-election-winner-2024,2024-03-23 20:00:03+00:00,zscore_spike_manual,high,"{'mode': 'manual_sql', 'price': 0.495, 'window': 30, 'z_score': -5.294651389222214, 'detector': 'ZScoreDetector', 'threshold': 2.5, 'market_slug': 'presidential-election-winner-2024'}",,
158,presidential-election-winner-2024,2024-03-11 05:00:02+00:00,zscore_spike_manual,medium,"{'mode': 'manual_sql', 'price': 0.515, 'window': 30, 'z_score': -1.288739737828145, 'detector': 'ZScoreDetector', 'threshold': 2.5, 'market_slug': 'presidential-election-winner-2024'}",,
157,presidential-election-winner-2024,2024-03-11 04:00:03+00:00,zscore_spike_manual,medium,"{'mode': 'manual_sql', 'price': 0.515, 'window': 30, 'z_score': -1.3832824439120495, 'detector': 'ZScoreDetector', 'threshold': 2.5, 'market_slug': 'presidential-election-winner-2024'}",,
156,presidential-election-winner-2024,2024-03-11 03:00:02+00:00,zscore_spike_manual,medium,"{'mode': 'manual_sql', 'price': 0.515, 'window': 30, 'z_score': -1.490394778488368, 'detector': 'ZScoreDetector', 'threshold': 2.5, 'market_slug': 'presidential-election-winner-2024'}",,
155,presidential-election-winner-2024,2024-03-11 02:00:02+00:00,zscore_spike_manual,medium,"{'mode': 'manual_sql', 'price': 0.515, 'window': 30, 'z_score': -1.613762329378842, 'detector': 'ZScoreDetector', 'threshold': 2.5, 'market_slug': 'presidential-election-winner-2024'}",,
154,presidential-election-winner-2024,2024-03-11 01:00:02+00:00,zscore_spike_manual,medium,"{'mode': 'manual_sql', 'price': 0.515, 'window': 30, 'z_score': -1.7587874611033563, 'detector': 'ZScoreDetector', 'threshold': 2.5, 'market_slug': 'presidential-election-winner-2024'}",,
153,presidential-election-winner-2024,2024-03-11 00:00:02+00:00,zscore_spike_manual,medium,"{'mode': 'manual_sql', 'price': 0.515, 'window': 30, 'z_score': -1.9337718800861468, 'detector': 'ZScoreDetector', 'threshold': 2.5, 'market_slug': 'presidential-election-winner-2024'}",,
152,presidential-election-winner-2024,2024-03-10 23:00:02+00:00,zscore_spike_manual,medium,"{'mode': 'manual_sql', 'price': 0.515, 'window': 30, 'z_score': -2.1522879069319085, 'detector': 'ZScoreDetector', 'threshold': 2.5, 'market_slug': 'presidential-election-winner-2024'}",,
151,presidential-election-winner-2024,2024-03-10 22:00:02+00:00,zscore_spike_manual,medium,"{'mode': 'manual_sql', 'price': 0.515, 'window': 30, 'z_score': -2.438467557916339, 'detector': 'ZScoreDetector', 'threshold': 2.5, 'market_slug': 'presidential-election-winner-2024'}",,
150,presidential-election-winner-2024,2024-03-10 21:00:02+00:00,zscore_spike_manual,medium,"{'mode': 'manual_sql', 'price': 0.515, 'window': 30, 'z_score': -2.840698015874943, 'detector': 'ZScoreDetector', 'threshold': 2.5, 'market_slug': 'presidential-election-winner-2024'}",,
149,presidential-election-winner-2024,2024-03-10 20:00:03+00:00,zscore_spike_manual,medium,"{'mode': 'manual_sql', 'price': 0.525, 'window': 30, 'z_score': -1.390443574308147, 'detector': 'ZScoreDetector', 'threshold': 2.5, 'market_slug': 'presidential-election-winner-2024'}",,
148,presidential-election-winner-2024,2024-03-10 19:00:03+00:00,zscore_spike_manual,medium,"{'mode': 'manual_sql', 'price': 0.525, 'window': 30, 'z_score': -1.501850710143101, 'detector': 'ZScoreDetector', 'threshold': 2.5, 'market_slug': 'presidential-election-winner-2024'}",,
147,presidential-election-winner-2024,2024-03-10 18:00:02+00:00,zscore_spike_manual,medium,"{'mode': 'manual_sql', 'price': 0.525, 'window': 30, 'z_score': -1.6304396135200878, 'detector': 'ZScoreDetector', 'threshold': 2.5, 'market_slug': 'presidential-election-winner-2024'}",,
146,presidential-election-winner-2024,2024-03-10 17:00:02+00:00,zscore_spike_manual,medium,"{'mode': 'manual_sql', 'price': 0.525, 'window': 30, 'z_score': -1.7821869924879883, 'detector': 'ZScoreDetector', 'threshold': 2.5, 'market_slug': 'presidential-election-winner-2024'}",,
145,presidential-election-winner-2024,2024-03-10 16:00:02+00:00,zscore_spike_manual,medium,"{'mode': 'manual_sql', 'price': 0.525, 'window': 30, 'z_score': -1.9663841605013328, 'detector': 'ZScoreDetector', 'threshold': 2.5, 'market_slug': 'presidential-election-winner-2024'}",,
144,presidential-election-winner-2024,2024-03-10 15:00:02+00:00,zscore_spike_manual,medium,"{'mode': 'manual_sql', 'price': 0.525, 'window': 30, 'z_score': -2.198484326380057, 'detector': 'ZScoreDetector', 'threshold': 2.5, 'market_slug': 'presidential-election-winner-2024'}",,
143,presidential-election-winner-2024,2024-03-10 14:00:02+00:00,zscore_spike_manual,medium,"{'mode': 'manual_sql', 'price': 0.525, 'window': 30, 'z_score': -2.5066578014044554, 'detector': 'ZScoreDetector', 'threshold': 2.5, 'market_slug': 'presidential-election-winner-2024'}",,
142,presidential-election-winner-2024,2024-03-10 13:00:02+00:00,zscore_spike_manual,medium,"{'mode': 'manual_sql', 'price': 0.525, 'window': 30, 'z_score': -2.9495762407530544, 'detector': 'ZScoreDetector', 'threshold': 2.5, 'market_slug': 'presidential-election-winner-2024'}",,
141,presidential-election-winner-2024,2024-03-10 12:00:03+00:00,zscore_spike_manual,medium,"{'mode': 'manual_sql', 'price': 0.525, 'window': 30, 'z_score': -3.6787679096901, 'detector': 'ZScoreDetector', 'threshold': 2.5, 'market_slug': 'presidential-election-winner-2024'}",,
140,presidential-election-winner-2024,2024-03-10 11:00:02+00:00,zscore_spike_manual,high,"{'mode': 'manual_sql', 'price': 0.525, 'window': 30, 'z_score': -5.294651389228568, 'detector': 'ZScoreDetector', 'threshold': 2.5, 'market_slug': 'presidential-election-winner-2024'}",,
139,presidential-election-winner-2024,2024-03-04 13:00:03+00:00,zscore_spike_manual,high,"{'mode': 'manual_sql', 'price': 0.525, 'window': 30, 'z_score': -5.294651389228582, 'detector': 'ZScoreDetector', 'threshold': 2.5, 'market_slug': 'presidential-election-winner-2024'}",,
138,presidential-election-winner-2024,2024-03-03 07:00:03+00:00,zscore_spike_manual,medium,"{'mode': 'manual_sql', 'price': 0.535, 'window': 30, 'z_score': 1.1837992526660057, 'detector': 'ZScoreDetector', 'threshold': 2.5, 'market_slug': 'presidential-election-winner-2024'}",,
137,presidential-election-winner-2024,2024-03-03 06:00:03+00:00,zscore_spike_manual,medium,"{'mode': 'manual_sql', 'price': 0.535, 'window': 30, 'z_score': 1.269604687182085, 'detector': 'ZScoreDetector', 'threshold': 2.5, 'market_slug': 'presidential-election-winner-2024'}",,
136,presidential-election-winner-2024,2024-03-03 05:00:03+00:00,zscore_spike_manual,medium,"{'mode': 'manual_sql', 'price': 0.535, 'window': 30, 'z_score': 1.365100032547437, 'detector': 'ZScoreDetector', 'threshold': 2.5, 'market_slug': 'presidential-election-winner-2024'}",,
135,presidential-election-winner-2024,2024-03-03 04:00:03+00:00,zscore_spike_manual,medium,"{'mode': 'manual_sql', 'price': 0.535, 'window': 30, 'z_score': 1.4729273263706255, 'detector': 'ZScoreDetector', 'threshold': 2.5, 'market_slug': 'presidential-election-winner-2024'}",,
134,presidential-election-winner-2024,2024-03-03 03:00:03+00:00,zscore_spike_manual,medium,"{'mode': 'manual_sql', 'price': 0.535, 'window': 30, 'z_score': 1.5967900515899447, 'detector': 'ZScoreDetector', 'threshold': 2.5, 'market_slug': 'presidential-election-winner-2024'}",,
133,presidential-election-winner-2024,2024-03-03 02:00:03+00:00,zscore_spike_manual,medium,"{'mode': 'manual_sql', 'price': 0.535, 'window': 30, 'z_score': 1.7420917659335864, 'detector': 'ZScoreDetector', 'threshold': 2.5, 'market_slug': 'presidential-election-winner-2024'}",,
132,presidential-election-winner-2024,2024-03-03 01:00:03+00:00,zscore_spike_manual,medium,"{'mode': 'manual_sql', 'price': 0.535, 'window': 30, 'z_score': 1.9171149915947125, 'detector': 'ZScoreDetector', 'threshold': 2.5, 'market_slug': 'presidential-election-winner-2024'}",,
131,presidential-election-winner-2024,2024-03-03 00:00:03+00:00,zscore_spike_manual,medium,"{'mode': 'manual_sql', 'price': 0.535, 'window': 30, 'z_score': 2.1353819158783245, 'detector': 'ZScoreDetector', 'threshold': 2.5, 'market_slug': 'presidential-election-winner-2024'}",,
130,presidential-election-winner-2024,2024-03-02 23:00:03+00:00,zscore_spike_manual,medium,"{'mode': 'manual_sql', 'price': 0.535, 'window': 30, 'z_score': 2.420917008253166, 'detector': 'ZScoreDetector', 'threshold': 2.5, 'market_slug': 'presidential-election-winner-2024'}",,
129,presidential-election-winner-2024,2024-03-02 22:00:03+00:00,zscore_spike_manual,medium,"{'mode': 'manual_sql', 'price': 0.535, 'window': 30, 'z_score': 2.821870319784279, 'detector': 'ZScoreDetector', 'threshold': 2.5, 'market_slug': 'presidential-election-winner-2024'}",,
128,presidential-election-winner-2024,2024-03-02 21:00:02+00:00,zscore_spike_manual,medium,"{'mode': 'manual_sql', 'price': 0.535, 'window': 30, 'z_score': 3.454761084314926, 'detector': 'ZScoreDetector', 'threshold': 2.5, 'market_slug': 'presidential-election-winner-2024'}",,
127,presidential-election-winner-2024,2024-03-02 20:00:03+00:00,zscore_spike_manual,high,"{'mode': 'manual_sql', 'price': 0.535, 'window': 30, 'z_score': 4.719583465225251, 'detector': 'ZScoreDetector', 'threshold': 2.5, 'market_slug': 'presidential-election-winner-2024'}",,
126,presidential-election-winner-2024,2024-03-02 19:00:03+00:00,zscore_spike_manual,high,"{'mode': 'manual_sql', 'price': 0.53, 'window': 30, 'z_score': 5.294651389287109, 'detector': 'ZScoreDetector', 'threshold': 2.5, 'market_slug': 'presidential-election-winner-2024'}",,
125,presidential-election-winner-2024,2024-02-27 07:00:02+00:00,zscore_spike_manual,medium,"{'mode': 'manual_sql', 'price': 0.525, 'window': 30, 'z_score': -1.204159457879683, 'detector': 'ZScoreDetector', 'threshold': 2.5, 'market_slug': 'presidential-election-winner-2024'}",,
124,presidential-election-winner-2024,2024-02-27 06:00:02+00:00,zscore_spike_manual,medium,"{'mode': 'manual_sql', 'price': 0.525, 'window': 30, 'z_score': -1.292167547068968, 'detector': 'ZScoreDetector', 'threshold': 2.5, 'market_slug': 'presidential-election-winner-2024'}",,
123,presidential-election-winner-2024,2024-02-27 05:00:02+00:00,zscore_spike_manual,medium,"{'mode': 'manual_sql', 'price': 0.525, 'window': 30, 'z_score': -1.3904435743081733, 'detector': 'ZScoreDetector', 'threshold': 2.5, 'market_slug': 'presidential-election-winner-2024'}",,
122,presidential-election-winner-2024,2024-02-27 04:00:02+00:00,zscore_spike_manual,medium,"{'mode': 'manual_sql', 'price': 0.525, 'window': 30, 'z_score': -1.501850710143131, 'detector': 'ZScoreDetector', 'threshold': 2.5, 'market_slug': 'presidential-election-winner-2024'}",,
121,presidential-election-winner-2024,2024-02-27 03:00:03+00:00,zscore_spike_manual,medium,"{'mode': 'manual_sql', 'price': 0.525, 'window': 30, 'z_score': -1.630439613520123, 'detector': 'ZScoreDetector', 'threshold': 2.5, 'market_slug': 'presidential-election-winner-2024'}",,
120,presidential-election-winner-2024,2024-02-27 02:00:02+00:00,zscore_spike_manual,medium,"{'mode': 'manual_sql', 'price': 0.525, 'window': 30, 'z_score': -1.7821869924880307, 'detector': 'ZScoreDetector', 'threshold': 2.5, 'market_slug': 'presidential-election-winner-2024'}",,
119,presidential-election-winner-2024,2024-02-27 01:00:02+00:00,zscore_spike_manual,medium,"{'mode': 'manual_sql', 'price': 0.525, 'window': 30, 'z_score': -1.9663841605013848, 'detector': 'ZScoreDetector', 'threshold': 2.5, 'market_slug': 'presidential-election-winner-2024'}",,
118,presidential-election-winner-2024,2024-02-27 00:00:02+00:00,zscore_spike_manual,medium,"{'mode': 'manual_sql', 'price': 0.525, 'window': 30, 'z_score': -2.198484326380124, 'detector': 'ZScoreDetector', 'threshold': 2.5, 'market_slug': 'presidential-election-winner-2024'}",,
117,presidential-election-winner-2024,2024-02-26 23:00:02+00:00,zscore_spike_manual,medium,"{'mode': 'manual_sql', 'price': 0.525, 'window': 30, 'z_score': -2.5066578014045473, 'detector': 'ZScoreDetector', 'threshold': 2.5, 'market_slug': 'presidential-election-winner-2024'}",,
116,presidential-election-winner-2024,2024-02-26 22:00:02+00:00,zscore_spike_manual,medium,"{'mode': 'manual_sql', 'price': 0.525, 'window': 30, 'z_score': -2.9495762407531934, 'detector': 'ZScoreDetector', 'threshold': 2.5, 'market_slug': 'presidential-election-winner-2024'}",,
115,presidential-election-winner-2024,2024-02-26 21:00:03+00:00,zscore_spike_manual,medium,"{'mode': 'manual_sql', 'price': 0.525, 'window': 30, 'z_score': -3.6787679096903494, 'detector': 'ZScoreDetector', 'threshold': 2.5, 'market_slug': 'presidential-election-winner-2024'}",,
114,presidential-election-winner-2024,2024-02-26 20:00:02+00:00,zscore_spike_manual,high,"{'mode': 'manual_sql', 'price': 0.525, 'window': 30, 'z_score': -5.294651389229323, 'detector': 'ZScoreDetector', 'threshold': 2.5, 'market_slug': 'presidential-election-winner-2024'}",,
113,presidential-election-winner-2024,2024-02-23 15:00:03+00:00,zscore_spike_manual,medium,"{'mode': 'manual_sql', 'price': 0.535, 'window': 30, 'z_score': -1.2041594578794625, 'detector': 'ZScoreDetector', 'threshold': 2.5, 'market_slug': 'presidential-election-winner-2024'}",,
112,presidential-election-winner-2024,2024-02-23 14:00:03+00:00,zscore_spike_manual,medium,"{'mode': 'manual_sql', 'price': 0.535, 'window': 30, 'z_score': -1.292167547068742, 'detector': 'ZScoreDetector', 'threshold': 2.5, 'market_slug': 'presidential-election-winner-2024'}",,
111,presidential-election-winner-2024,2024-02-23 13:00:03+00:00,zscore_spike_manual,medium,"{'mode': 'manual_sql', 'price': 0.535, 'window': 30, 'z_score': -1.3904435743078656, 'detector': 'ZScoreDetector', 'threshold': 2.5, 'market_slug': 'presidential-election-winner-2024'}",,
110,presidential-election-winner-2024,2024-02-23 12:00:03+00:00,zscore_spike_manual,medium,"{'mode': 'manual_sql', 'price': 0.535, 'window': 30, 'z_score': -1.501850710142801, 'detector': 'ZScoreDetector', 'threshold': 2.5, 'market_slug': 'presidential-election-winner-2024'}",,
109,presidential-election-winner-2024,2024-02-23 11:00:03+00:00,zscore_spike_manual,medium,"{'mode': 'manual_sql', 'price': 0.535, 'window': 30, 'z_score': -1.6304396135197319, 'detector': 'ZScoreDetector', 'threshold': 2.5, 'market_slug': 'presidential-election-winner-2024'}",,
108,presidential-election-winner-2024,2024-02-23 10:00:02+00:00,zscore_spike_manual,medium,"{'mode': 'manual_sql', 'price': 0.535, 'window': 30, 'z_score': -1.782186992487556, 'detector': 'ZScoreDetector', 'threshold': 2.5, 'market_slug': 'presidential-election-winner-2024'}",,
107,presidential-election-winner-2024,2024-02-23 09:00:03+00:00,zscore_spike_manual,medium,"{'mode': 'manual_sql', 'price': 0.535, 'window': 30, 'z_score': -1.9663841605007637, 'detector': 'ZScoreDetector', 'threshold': 2.5, 'market_slug': 'presidential-election-winner-2024'}",,
106,presidential-election-winner-2024,2024-02-23 08:00:03+00:00,zscore_spike_manual,medium,"{'mode': 'manual_sql', 'price': 0.535, 'window': 30, 'z_score': -2.1984843263793534, 'detector': 'ZScoreDetector', 'threshold': 2.5, 'market_slug': 'presidential-election-winner-2024'}",,
105,presidential-election-winner-2024,2024-02-23 07:00:03+00:00,zscore_spike_manual,medium,"{'mode': 'manual_sql', 'price': 0.535, 'window': 30, 'z_score': -2.5066578014034513, 'detector': 'ZScoreDetector', 'threshold': 2.5, 'market_slug': 'presidential-election-winner-2024'}",,
104,presidential-election-winner-2024,2024-02-23 06:00:02+00:00,zscore_spike_manual,medium,"{'mode': 'manual_sql', 'price': 0.535, 'window': 30, 'z_score': -2.949576240751538, 'detector': 'ZScoreDetector', 'threshold': 2.5, 'market_slug': 'presidential-election-winner-2024'}",,
103,presidential-election-winner-2024,2024-02-23 05:00:03+00:00,zscore_spike_manual,medium,"{'mode': 'manual_sql', 'price': 0.535, 'window': 30, 'z_score': -3.6787679096874517, 'detector': 'ZScoreDetector', 'threshold': 2.5, 'market_slug': 'presidential-election-winner-2024'}",,
102,presidential-election-winner-2024,2024-02-23 04:00:02+00:00,zscore_spike_manual,high,"{'mode': 'manual_sql', 'price': 0.535, 'window': 30, 'z_score': -5.2946513892210865, 'detector': 'ZScoreDetector', 'threshold': 2.5, 'market_slug': 'presidential-election-winner-2024'}",,
101,presidential-election-winner-2024,2024-02-19 23:00:02+00:00,zscore_spike_manual,medium,"{'mode': 'manual_sql', 'price': 0.545, 'window': 30, 'z_score': 1.83537512198882, 'detector': 'ZScoreDetector', 'threshold': 2.5, 'market_slug': 'presidential-election-winner-2024'}",,
100,presidential-election-winner-2024,2024-02-19 22:00:02+00:00,zscore_spike_manual,medium,"{'mode': 'manual_sql', 'price': 0.545, 'window': 30, 'z_score': 1.8889563084347314, 'detector': 'ZScoreDetector', 'threshold': 2.5, 'market_slug': 'presidential-election-winner-2024'}",,
99,presidential-election-winner-2024,2024-02-19 21:00:02+00:00,zscore_spike_manual,medium,"{'mode': 'manual_sql', 'price': 0.545, 'window': 30, 'z_score': 1.9801448893386662, 'detector': 'ZScoreDetector', 'threshold': 2.5, 'market_slug': 'presidential-election-winner-2024'}",,
98,presidential-election-winner-2024,2024-02-19 20:00:02+00:00,zscore_spike_manual,medium,"{'mode': 'manual_sql', 'price': 0.545, 'window': 30, 'z_score': 2.108598755179599, 'detector': 'ZScoreDetector', 'threshold': 2.5, 'market_slug': 'presidential-election-winner-2024'}",,
97,presidential-election-winner-2024,2024-02-19 19:00:02+00:00,zscore_spike_manual,medium,"{'mode': 'manual_sql', 'price': 0.545, 'window': 30, 'z_score': 2.28095595856854, 'detector': 'ZScoreDetector', 'threshold': 2.5, 'market_slug': 'presidential-election-winner-2024'}",,
96,presidential-election-winner-2024,2024-02-19 17:00:03+00:00,zscore_spike_manual,medium,"{'mode': 'manual_sql', 'price': 0.54, 'window': 30, 'z_score': 1.5018507101430905, 'detector': 'ZScoreDetector', 'threshold': 2.5, 'market_slug': 'presidential-election-winner-2024'}",,
95,presidential-election-winner-2024,2024-02-19 01:00:02+00:00,zscore_spike_manual,medium,"{'mode': 'manual_sql', 'price': 0.535, 'window': 30, 'z_score': 1.5996323106932917, 'detector': 'ZScoreDetector', 'threshold': 2.5, 'market_slug': 'presidential-election-winner-2024'}",,
94,presidential-election-winner-2024,2024-02-19 00:00:02+00:00,zscore_spike_manual,medium,"{'mode': 'manual_sql', 'price': 0.535, 'window': 30, 'z_score': 1.7453286610401226, 'detector': 'ZScoreDetector', 'threshold': 2.5, 'market_slug': 'presidential-election-winner-2024'}",,
93,presidential-election-winner-2024,2024-02-18 23:00:02+00:00,zscore_spike_manual,medium,"{'mode': 'manual_sql', 'price': 0.535, 'window': 30, 'z_score': 1.920919339166047, 'detector': 'ZScoreDetector', 'threshold': 2.5, 'market_slug': 'presidential-election-winner-2024'}",,
92,presidential-election-winner-2024,2024-02-18 22:00:02+00:00,zscore_spike_manual,medium,"{'mode': 'manual_sql', 'price': 0.535, 'window': 30, 'z_score': 2.1400423876107637, 'detector': 'ZScoreDetector', 'threshold': 2.5, 'market_slug': 'presidential-election-winner-2024'}",,
91,presidential-election-winner-2024,2024-02-18 21:00:03+00:00,zscore_spike_manual,medium,"{'mode': 'manual_sql', 'price': 0.535, 'window': 30, 'z_score': 2.4269664820805725, 'detector': 'ZScoreDetector', 'threshold': 2.5, 'market_slug': 'presidential-election-winner-2024'}",,
90,presidential-election-winner-2024,2024-02-18 20:00:02+00:00,zscore_spike_manual,medium,"{'mode': 'manual_sql', 'price': 0.535, 'window': 30, 'z_score': 2.830444404175648, 'detector': 'ZScoreDetector', 'threshold': 2.5, 'market_slug': 'presidential-election-winner-2024'}",,
89,presidential-election-winner-2024,2024-02-18 19:00:02+00:00,zscore_spike_manual,high,"{'mode': 'manual_sql', 'price': 0.54, 'window': 30, 'z_score': 5.29465138922364, 'detector': 'ZScoreDetector', 'threshold': 2.5, 'market_slug': 'presidential-election-winner-2024'}",,
88,presidential-election-winner-2024,2024-02-15 21:00:03+00:00,zscore_spike_manual,high,"{'mode': 'manual_sql', 'price': 0.535, 'window': 30, 'z_score': 4.719583465224197, 'detector': 'ZScoreDetector', 'threshold': 2.5, 'market_slug': 'presidential-election-winner-2024'}",,
87,presidential-election-winner-2024,2024-02-12 22:00:03+00:00,zscore_spike_manual,medium,"{'mode': 'manual_sql', 'price': 0.54, 'window': 30, 'z_score': 2.7308082239212217, 'detector': 'ZScoreDetector', 'threshold': 2.5, 'market_slug': 'presidential-election-winner-2024'}",,
86,presidential-election-winner-2024,2024-02-12 21:00:03+00:00,zscore_spike_manual,medium,"{'mode': 'manual_sql', 'price': 0.54, 'window': 30, 'z_score': 3.3023955781857777, 'detector': 'ZScoreDetector', 'threshold': 2.5, 'market_slug': 'presidential-election-winner-2024'}",,
85,presidential-election-winner-2024,2024-02-12 20:00:02+00:00,zscore_spike_manual,medium,"{'mode': 'manual_sql', 'price': 0.535, 'window': 30, 'z_score': 2.830444404175329, 'detector': 'ZScoreDetector', 'threshold': 2.5, 'market_slug': 'presidential-election-winner-2024'}",,
84,presidential-election-winner-2024,2024-02-12 19:00:02+00:00,zscore_spike_manual,high,"{'mode': 'manual_sql', 'price': 0.54, 'window': 30, 'z_score': 5.294651389222765, 'detector': 'ZScoreDetector', 'threshold': 2.5, 'market_slug': 'presidential-election-winner-2024'}",,
83,presidential-election-winner-2024,2024-02-10 18:00:02+00:00,zscore_spike_manual,medium,"{'mode': 'manual_sql', 'price': 0.525, 'window': 30, 'z_score': 2.8218703197834505, 'detector': 'ZScoreDetector', 'threshold': 2.5, 'market_slug': 'presidential-election-winner-2024'}",,
82,presidential-election-winner-2024,2024-02-10 17:00:02+00:00,zscore_spike_manual,medium,"{'mode': 'manual_sql', 'price': 0.525, 'window': 30, 'z_score': 3.454761084313478, 'detector': 'ZScoreDetector', 'threshold': 2.5, 'market_slug': 'presidential-election-winner-2024'}",,
81,presidential-election-winner-2024,2024-02-10 16:00:02+00:00,zscore_spike_manual,high,"{'mode': 'manual_sql', 'price': 0.525, 'window': 30, 'z_score': 4.719583465221703, 'detector': 'ZScoreDetector', 'threshold': 2.5, 'market_slug': 'presidential-election-winner-2024'}",,
80,presidential-election-winner-2024,2024-02-09 17:00:02+00:00,zscore_spike_manual,medium,"{'mode': 'manual_sql', 'price': 0.515, 'window': 30, 'z_score': -1.20415945787962, 'detector': 'ZScoreDetector', 'threshold': 2.5, 'market_slug': 'presidential-election-winner-2024'}",,
79,presidential-election-winner-2024,2024-02-09 16:00:02+00:00,zscore_spike_manual,medium,"{'mode': 'manual_sql', 'price': 0.515, 'window': 30, 'z_score': -1.2921675470689058, 'detector': 'ZScoreDetector', 'threshold': 2.5, 'market_slug': 'presidential-election-winner-2024'}",,
78,presidential-election-winner-2024,2024-02-09 15:00:02+00:00,zscore_spike_manual,medium,"{'mode': 'manual_sql', 'price': 0.515, 'window': 30, 'z_score': -1.3904435743081125, 'detector': 'ZScoreDetector', 'threshold': 2.5, 'market_slug': 'presidential-election-winner-2024'}",,
77,presidential-election-winner-2024,2024-02-09 14:00:02+00:00,zscore_spike_manual,medium,"{'mode': 'manual_sql', 'price': 0.515, 'window': 30, 'z_score': -1.5018507101430718, 'detector': 'ZScoreDetector', 'threshold': 2.5, 'market_slug': 'presidential-election-winner-2024'}",,
76,presidential-election-winner-2024,2024-02-09 13:00:03+00:00,zscore_spike_manual,medium,"{'mode': 'manual_sql', 'price': 0.515, 'window': 30, 'z_score': -1.63043961352009, 'detector': 'ZScoreDetector', 'threshold': 2.5, 'market_slug': 'presidential-election-winner-2024'}",,
75,presidential-election-winner-2024,2024-02-09 12:00:03+00:00,zscore_spike_manual,medium,"{'mode': 'manual_sql', 'price': 0.515, 'window': 30, 'z_score': -1.782186992487947, 'detector': 'ZScoreDetector', 'threshold': 2.5, 'market_slug': 'presidential-election-winner-2024'}",,
74,presidential-election-winner-2024,2024-02-09 11:00:02+00:00,zscore_spike_manual,medium,"{'mode': 'manual_sql', 'price': 0.515, 'window': 30, 'z_score': -1.9663841605013272, 'detector': 'ZScoreDetector', 'threshold': 2.5, 'market_slug': 'presidential-election-winner-2024'}",,
73,presidential-election-winner-2024,2024-02-09 10:00:03+00:00,zscore_spike_manual,medium,"{'mode': 'manual_sql', 'price': 0.515, 'window': 30, 'z_score': -2.19848432638007, 'detector': 'ZScoreDetector', 'threshold': 2.5, 'market_slug': 'presidential-election-winner-2024'}",,
72,presidential-election-winner-2024,2024-02-09 09:00:02+00:00,zscore_spike_manual,medium,"{'mode': 'manual_sql', 'price': 0.515, 'window': 30, 'z_score': -2.5066578014045056, 'detector': 'ZScoreDetector', 'threshold': 2.5, 'market_slug': 'presidential-election-winner-2024'}",,
71,presidential-election-winner-2024,2024-02-09 08:00:02+00:00,zscore_spike_manual,medium,"{'mode': 'manual_sql', 'price': 0.515, 'window': 30, 'z_score': -2.9495762407531485, 'detector': 'ZScoreDetector', 'threshold': 2.5, 'market_slug': 'presidential-election-winner-2024'}",,
70,presidential-election-winner-2024,2024-02-09 07:00:02+00:00,zscore_spike_manual,medium,"{'mode': 'manual_sql', 'price': 0.515, 'window': 30, 'z_score': -3.6787679096904427, 'detector': 'ZScoreDetector', 'threshold': 2.5, 'market_slug': 'presidential-election-winner-2024'}",,
69,presidential-election-winner-2024,2024-02-09 06:00:03+00:00,zscore_spike_manual,high,"{'mode': 'manual_sql', 'price': 0.515, 'window': 30, 'z_score': -5.294651389229879, 'detector': 'ZScoreDetector', 'threshold': 2.5, 'market_slug': 'presidential-election-winner-2024'}",,
68,presidential-election-winner-2024,2024-02-01 05:00:03+00:00,zscore_spike_manual,medium,"{'mode': 'manual_sql', 'price': 0.525, 'window': 30, 'z_score': -1.3600023158853083, 'detector': 'ZScoreDetector', 'threshold': 2.5, 'market_slug': 'presidential-election-winner-2024'}",,
67,presidential-election-winner-2024,2024-02-01 04:00:03+00:00,zscore_spike_manual,medium,"{'mode': 'manual_sql', 'price': 0.525, 'window': 30, 'z_score': -1.4456447015975706, 'detector': 'ZScoreDetector', 'threshold': 2.5, 'market_slug': 'presidential-election-winner-2024'}",,
66,presidential-election-winner-2024,2024-02-01 03:00:03+00:00,zscore_spike_manual,medium,"{'mode': 'manual_sql', 'price': 0.525, 'window': 30, 'z_score': -1.5453443361905144, 'detector': 'ZScoreDetector', 'threshold': 2.5, 'market_slug': 'presidential-election-winner-2024'}",,
65,presidential-election-winner-2024,2024-02-01 02:00:03+00:00,zscore_spike_manual,medium,"{'mode': 'manual_sql', 'price': 0.525, 'window': 30, 'z_score': -1.6622250527487186, 'detector': 'ZScoreDetector', 'threshold': 2.5, 'market_slug': 'presidential-election-winner-2024'}",,
64,presidential-election-winner-2024,2024-02-01 01:00:02+00:00,zscore_spike_manual,medium,"{'mode': 'manual_sql', 'price': 0.525, 'window': 30, 'z_score': -1.8011918935650502, 'detector': 'ZScoreDetector', 'threshold': 2.5, 'market_slug': 'presidential-election-winner-2024'}",,
63,presidential-election-winner-2024,2024-02-01 00:00:02+00:00,zscore_spike_manual,medium,"{'mode': 'manual_sql', 'price': 0.525, 'window': 30, 'z_score': -1.969984940225064, 'detector': 'ZScoreDetector', 'threshold': 2.5, 'market_slug': 'presidential-election-winner-2024'}",,
62,presidential-election-winner-2024,2024-01-31 23:00:02+00:00,zscore_spike_manual,medium,"{'mode': 'manual_sql', 'price': 0.525, 'window': 30, 'z_score': -2.1813418868180907, 'detector': 'ZScoreDetector', 'threshold': 2.5, 'market_slug': 'presidential-election-winner-2024'}",,
61,presidential-election-winner-2024,2024-01-31 22:00:02+00:00,zscore_spike_manual,medium,"{'mode': 'manual_sql', 'price': 0.525, 'window': 30, 'z_score': -2.4577974443747537, 'detector': 'ZScoreDetector', 'threshold': 2.5, 'market_slug': 'presidential-election-winner-2024'}",,
60,presidential-election-winner-2024,2024-01-31 16:00:02+00:00,zscore_spike_manual,medium,"{'mode': 'manual_sql', 'price': 0.535, 'window': 30, 'z_score': -1.2041594578797248, 'detector': 'ZScoreDetector', 'threshold': 2.5, 'market_slug': 'presidential-election-winner-2024'}",,
59,presidential-election-winner-2024,2024-01-31 15:00:02+00:00,zscore_spike_manual,medium,"{'mode': 'manual_sql', 'price': 0.535, 'window': 30, 'z_score': -1.2921675470690455, 'detector': 'ZScoreDetector', 'threshold': 2.5, 'market_slug': 'presidential-election-winner-2024'}",,
58,presidential-election-winner-2024,2024-01-31 14:00:02+00:00,zscore_spike_manual,medium,"{'mode': 'manual_sql', 'price': 0.535, 'window': 30, 'z_score': -1.3904435743082206, 'detector': 'ZScoreDetector', 'threshold': 2.5, 'market_slug': 'presidential-election-winner-2024'}",,
57,presidential-election-winner-2024,2024-01-31 13:00:02+00:00,zscore_spike_manual,medium,"{'mode': 'manual_sql', 'price': 0.535, 'window': 30, 'z_score': -1.5018507101432217, 'detector': 'ZScoreDetector', 'threshold': 2.5, 'market_slug': 'presidential-election-winner-2024'}",,
56,presidential-election-winner-2024,2024-01-31 12:00:02+00:00,zscore_spike_manual,medium,"{'mode': 'manual_sql', 'price': 0.535, 'window': 30, 'z_score': -1.6304396135202648, 'detector': 'ZScoreDetector', 'threshold': 2.5, 'market_slug': 'presidential-election-winner-2024'}",,
55,presidential-election-winner-2024,2024-01-31 11:00:02+00:00,zscore_spike_manual,medium,"{'mode': 'manual_sql', 'price': 0.535, 'window': 30, 'z_score': -1.7821869924881815, 'detector': 'ZScoreDetector', 'threshold': 2.5, 'market_slug': 'presidential-election-winner-2024'}",,
54,presidential-election-winner-2024,2024-01-31 10:00:03+00:00,zscore_spike_manual,medium,"{'mode': 'manual_sql', 'price': 0.535, 'window': 30, 'z_score': -1.9663841605015846, 'detector': 'ZScoreDetector', 'threshold': 2.5, 'market_slug': 'presidential-election-winner-2024'}",,
53,presidential-election-winner-2024,2024-01-31 09:00:03+00:00,zscore_spike_manual,medium,"{'mode': 'manual_sql', 'price': 0.535, 'window': 30, 'z_score': -2.1984843263804024, 'detector': 'ZScoreDetector', 'threshold': 2.5, 'market_slug': 'presidential-election-winner-2024'}",,
52,presidential-election-winner-2024,2024-01-31 08:00:03+00:00,zscore_spike_manual,medium,"{'mode': 'manual_sql', 'price': 0.535, 'window': 30, 'z_score': -2.5066578014049603, 'detector': 'ZScoreDetector', 'threshold': 2.5, 'market_slug': 'presidential-election-winner-2024'}",,
51,presidential-election-winner-2024,2024-01-31 07:00:02+00:00,zscore_spike_manual,medium,"{'mode': 'manual_sql', 'price': 0.535, 'window': 30, 'z_score': -2.9495762407538355, 'detector': 'ZScoreDetector', 'threshold': 2.5, 'market_slug': 'presidential-election-winner-2024'}",,
50,presidential-election-winner-2024,2024-01-31 06:00:02+00:00,zscore_spike_manual,medium,"{'mode': 'manual_sql', 'price': 0.535, 'window': 30, 'z_score': -3.678767909691725, 'detector': 'ZScoreDetector', 'threshold': 2.5, 'market_slug': 'presidential-election-winner-2024'}",,
49,presidential-election-winner-2024,2024-01-31 05:00:02+00:00,zscore_spike_manual,high,"{'mode': 'manual_sql', 'price': 0.535, 'window': 30, 'z_score': -5.294651389233262, 'detector': 'ZScoreDetector', 'threshold': 2.5, 'market_slug': 'presidential-election-winner-2024'}",,
48,presidential-election-winner-2024,2024-01-23 05:00:03+00:00,zscore_spike_manual,medium,"{'mode': 'manual_sql', 'price': 0.545, 'window': 30, 'z_score': 1.4075950685721528, 'detector': 'ZScoreDetector', 'threshold': 2.5, 'market_slug': 'presidential-election-winner-2024'}",,
47,presidential-election-winner-2024,2024-01-23 04:00:02+00:00,zscore_spike_manual,medium,"{'mode': 'manual_sql', 'price': 0.545, 'window': 30, 'z_score': 1.4855700047435716, 'detector': 'ZScoreDetector', 'threshold': 2.5, 'market_slug': 'presidential-election-winner-2024'}",,
46,presidential-election-winner-2024,2024-01-23 03:00:03+00:00,zscore_spike_manual,medium,"{'mode': 'manual_sql', 'price': 0.545, 'window': 30, 'z_score': 1.579371905697371, 'detector': 'ZScoreDetector', 'threshold': 2.5, 'market_slug': 'presidential-election-winner-2024'}",,
45,presidential-election-winner-2024,2024-01-23 02:00:02+00:00,zscore_spike_manual,medium,"{'mode': 'manual_sql', 'price': 0.545, 'window': 30, 'z_score': 1.6914709058991988, 'detector': 'ZScoreDetector', 'threshold': 2.5, 'market_slug': 'presidential-election-winner-2024'}",,
44,presidential-election-winner-2024,2024-01-23 01:00:03+00:00,zscore_spike_manual,medium,"{'mode': 'manual_sql', 'price': 0.545, 'window': 30, 'z_score': 1.8263101215306343, 'detector': 'ZScoreDetector', 'threshold': 2.5, 'market_slug': 'presidential-election-winner-2024'}",,
43,presidential-election-winner-2024,2024-01-23 00:00:03+00:00,zscore_spike_manual,medium,"{'mode': 'manual_sql', 'price': 0.545, 'window': 30, 'z_score': 1.9912270294276395, 'detector': 'ZScoreDetector', 'threshold': 2.5, 'market_slug': 'presidential-election-winner-2024'}",,
42,presidential-election-winner-2024,2024-01-22 23:00:03+00:00,zscore_spike_manual,medium,"{'mode': 'manual_sql', 'price': 0.545, 'window': 30, 'z_score': 2.19848432637886, 'detector': 'ZScoreDetector', 'threshold': 2.5, 'market_slug': 'presidential-election-winner-2024'}",,
41,presidential-election-winner-2024,2024-01-22 22:00:02+00:00,zscore_spike_manual,medium,"{'mode': 'manual_sql', 'price': 0.535, 'window': 30, 'z_score': 1.844557667721964, 'detector': 'ZScoreDetector', 'threshold': 2.5, 'market_slug': 'presidential-election-winner-2024'}",,
40,presidential-election-winner-2024,2024-01-22 21:00:03+00:00,zscore_spike_manual,medium,"{'mode': 'manual_sql', 'price': 0.535, 'window': 30, 'z_score': 2.0228499405381997, 'detector': 'ZScoreDetector', 'threshold': 2.5, 'market_slug': 'presidential-election-winner-2024'}",,
39,presidential-election-winner-2024,2024-01-22 15:00:03+00:00,zscore_spike_manual,medium,"{'mode': 'manual_sql', 'price': 0.515, 'window': 30, 'z_score': 1.231206713817791, 'detector': 'ZScoreDetector', 'threshold': 2.5, 'market_slug': 'presidential-election-winner-2024'}",,
38,presidential-election-winner-2024,2024-01-22 14:00:03+00:00,zscore_spike_manual,medium,"{'mode': 'manual_sql', 'price': 0.515, 'window': 30, 'z_score': 1.3221590721955894, 'detector': 'ZScoreDetector', 'threshold': 2.5, 'market_slug': 'presidential-election-winner-2024'}",,
37,presidential-election-winner-2024,2024-01-22 13:00:03+00:00,zscore_spike_manual,medium,"{'mode': 'manual_sql', 'price': 0.515, 'window': 30, 'z_score': 1.4241824145656714, 'detector': 'ZScoreDetector', 'threshold': 2.5, 'market_slug': 'presidential-election-winner-2024'}",,
36,presidential-election-winner-2024,2024-01-22 12:00:03+00:00,zscore_spike_manual,medium,"{'mode': 'manual_sql', 'price': 0.515, 'window': 30, 'z_score': 1.540455583271582, 'detector': 'ZScoreDetector', 'threshold': 2.5, 'market_slug': 'presidential-election-winner-2024'}",,
35,presidential-election-winner-2024,2024-01-22 11:00:03+00:00,zscore_spike_manual,medium,"{'mode': 'manual_sql', 'price': 0.515, 'window': 30, 'z_score': 1.6755317903929157, 'detector': 'ZScoreDetector', 'threshold': 2.5, 'market_slug': 'presidential-election-winner-2024'}",,
34,presidential-election-winner-2024,2024-01-22 10:00:03+00:00,zscore_spike_manual,medium,"{'mode': 'manual_sql', 'price': 0.515, 'window': 30, 'z_score': 1.8362315397934774, 'detector': 'ZScoreDetector', 'threshold': 2.5, 'market_slug': 'presidential-election-winner-2024'}",,
33,presidential-election-winner-2024,2024-01-22 09:00:03+00:00,zscore_spike_manual,medium,"{'mode': 'manual_sql', 'price': 0.515, 'window': 30, 'z_score': 2.0333635643404437, 'detector': 'ZScoreDetector', 'threshold': 2.5, 'market_slug': 'presidential-election-winner-2024'}",,
32,presidential-election-winner-2024,2024-01-22 08:00:03+00:00,zscore_spike_manual,medium,"{'mode': 'manual_sql', 'price': 0.515, 'window': 30, 'z_score': 2.2853702487089813, 'detector': 'ZScoreDetector', 'threshold': 2.5, 'market_slug': 'presidential-election-winner-2024'}",,
31,presidential-election-winner-2024,2024-01-22 07:00:03+00:00,zscore_spike_manual,medium,"{'mode': 'manual_sql', 'price': 0.515, 'window': 30, 'z_score': 2.62710563205627, 'detector': 'ZScoreDetector', 'threshold': 2.5, 'market_slug': 'presidential-election-winner-2024'}",,
30,presidential-election-winner-2024,2024-01-22 06:00:02+00:00,zscore_spike_manual,medium,"{'mode': 'manual_sql', 'price': 0.515, 'window': 30, 'z_score': 3.135301641869856, 'detector': 'ZScoreDetector', 'threshold': 2.5, 'market_slug': 'presidential-election-winner-2024'}",,
29,presidential-election-winner-2024,2024-01-22 05:00:03+00:00,zscore_spike_manual,high,"{'mode': 'manual_sql', 'price': 0.515, 'window': 30, 'z_score': 4.028747291169507, 'detector': 'ZScoreDetector', 'threshold': 2.5, 'market_slug': 'presidential-election-winner-2024'}",,
28,presidential-election-winner-2024,2024-01-22 04:00:03+00:00,zscore_spike_manual,high,"{'mode': 'manual_sql', 'price': 0.505, 'window': 30, 'z_score': 4.1962157169676475, 'detector': 'ZScoreDetector', 'threshold': 2.5, 'market_slug': 'presidential-election-winner-2024'}",,
27,presidential-election-winner-2024,2024-01-22 03:00:03+00:00,zscore_spike_manual,high,"{'mode': 'manual_sql', 'price': 0.5, 'window': 30, 'z_score': 5.294651389219544, 'detector': 'ZScoreDetector', 'threshold': 2.5, 'market_slug': 'presidential-election-winner-2024'}",,
26,presidential-election-winner-2024,2024-01-16 12:00:02+00:00,zscore_spike_manual,medium,"{'mode': 'manual_sql', 'price': 0.485, 'window': 30, 'z_score': 2.5066578014035548, 'detector': 'ZScoreDetector', 'threshold': 2.5, 'market_slug': 'presidential-election-winner-2024'}",,
25,presidential-election-winner-2024,2024-01-16 11:00:02+00:00,zscore_spike_manual,medium,"{'mode': 'manual_sql', 'price': 0.485, 'window': 30, 'z_score': 2.9495762407517265, 'detector': 'ZScoreDetector', 'threshold': 2.5, 'market_slug': 'presidential-election-winner-2024'}",,
24,presidential-election-winner-2024,2024-01-16 10:00:02+00:00,zscore_spike_manual,medium,"{'mode': 'manual_sql', 'price': 0.485, 'window': 30, 'z_score': 3.678767909687867, 'detector': 'ZScoreDetector', 'threshold': 2.5, 'market_slug': 'presidential-election-winner-2024'}",,
23,presidential-election-winner-2024,2024-01-16 09:00:02+00:00,zscore_spike_manual,high,"{'mode': 'manual_sql', 'price': 0.485, 'window': 30, 'z_score': 5.294651389222555, 'detector': 'ZScoreDetector', 'threshold': 2.5, 'market_slug': 'presidential-election-winner-2024'}",,
22,presidential-election-winner-2024,2024-01-14 10:00:02+00:00,zscore_spike_manual,medium,"{'mode': 'manual_sql', 'price': 0.475, 'window': 30, 'z_score': -2.506657801403631, 'detector': 'ZScoreDetector', 'threshold': 2.5, 'market_slug': 'presidential-election-winner-2024'}",,
21,presidential-election-winner-2024,2024-01-14 09:00:03+00:00,zscore_spike_manual,medium,"{'mode': 'manual_sql', 'price': 0.475, 'window': 30, 'z_score': -2.9495762407518478, 'detector': 'ZScoreDetector', 'threshold': 2.5, 'market_slug': 'presidential-election-winner-2024'}",,
20,presidential-election-winner-2024,2024-01-14 08:00:02+00:00,zscore_spike_manual,medium,"{'mode': 'manual_sql', 'price': 0.475, 'window': 30, 'z_score': -3.6787679096880965, 'detector': 'ZScoreDetector', 'threshold': 2.5, 'market_slug': 'presidential-election-winner-2024'}",,
19,presidential-election-winner-2024,2024-01-14 07:00:02+00:00,zscore_spike_manual,high,"{'mode': 'manual_sql', 'price': 0.475, 'window': 30, 'z_score': -5.2946513892232066, 'detector': 'ZScoreDetector', 'threshold': 2.5, 'market_slug': 'presidential-election-winner-2024'}",,
18,presidential-election-winner-2024,2024-01-12 23:00:02+00:00,zscore_spike_manual,medium,"{'mode': 'manual_sql', 'price': 0.485, 'window': 30, 'z_score': 2.709671953831996, 'detector': 'ZScoreDetector', 'threshold': 2.5, 'market_slug': 'presidential-election-winner-2024'}",,
17,presidential-election-winner-2024,2024-01-12 17:00:03+00:00,zscore_spike_manual,medium,"{'mode': 'manual_sql', 'price': 0.485, 'window': 30, 'z_score': 3.6787679096878674, 'detector': 'ZScoreDetector', 'threshold': 2.5, 'market_slug': 'presidential-election-winner-2024'}",,
16,presidential-election-winner-2024,2024-01-12 16:00:02+00:00,zscore_spike_manual,high,"{'mode': 'manual_sql', 'price': 0.485, 'window': 30, 'z_score': 5.2946513892225555, 'detector': 'ZScoreDetector', 'threshold': 2.5, 'market_slug': 'presidential-election-winner-2024'}",,
15,presidential-election-winner-2024,2024-01-11 03:00:03+00:00,zscore_spike_manual,medium,"{'mode': 'manual_sql', 'price': 0.475, 'window': 30, 'z_score': 2.7566591432867615, 'detector': 'ZScoreDetector', 'threshold': 2.5, 'market_slug': 'presidential-election-winner-2024'}",,
14,presidential-election-winner-2024,2024-01-09 18:00:02+00:00,zscore_spike_manual,medium,"{'mode': 'manual_sql', 'price': 0.45, 'window': 30, 'z_score': -2.730808223920471, 'detector': 'ZScoreDetector', 'threshold': 2.5, 'market_slug': 'presidential-election-winner-2024'}",,
13,presidential-election-winner-2024,2024-01-09 17:00:03+00:00,zscore_spike_manual,medium,"{'mode': 'manual_sql', 'price': 0.45, 'window': 30, 'z_score': -3.302395578184517, 'detector': 'ZScoreDetector', 'threshold': 2.5, 'market_slug': 'presidential-election-winner-2024'}",,
12,presidential-election-winner-2024,2024-01-09 16:00:02+00:00,zscore_spike_manual,high,"{'mode': 'manual_sql', 'price': 0.45, 'window': 30, 'z_score': -4.374323170086461, 'detector': 'ZScoreDetector', 'threshold': 2.5, 'market_slug': 'presidential-election-winner-2024'}",,
11,presidential-election-winner-2024,2024-01-09 15:00:03+00:00,zscore_spike_manual,high,"{'mode': 'manual_sql', 'price': 0.455, 'window': 30, 'z_score': -5.294651389220311, 'detector': 'ZScoreDetector', 'threshold': 2.5, 'market_slug': 'presidential-election-winner-2024'}",,
10,presidential-election-winner-2024,2024-01-08 02:00:02+00:00,zscore_spike_manual,medium,"{'mode': 'manual_sql', 'price': 0.475, 'window': 30, 'z_score': 1.9532238991324853, 'detector': 'ZScoreDetector', 'threshold': 2.5, 'market_slug': 'presidential-election-winner-2024'}",,
9,presidential-election-winner-2024,2024-01-08 01:00:03+00:00,zscore_spike_manual,medium,"{'mode': 'manual_sql', 'price': 0.475, 'window': 30, 'z_score': 2.181394766182454, 'detector': 'ZScoreDetector', 'threshold': 2.5, 'market_slug': 'presidential-election-winner-2024'}",,
8,presidential-election-winner-2024,2024-01-08 00:00:02+00:00,zscore_spike_manual,medium,"{'mode': 'manual_sql', 'price': 0.475, 'window': 30, 'z_score': 2.4830843651800834, 'detector': 'ZScoreDetector', 'threshold': 2.5, 'market_slug': 'presidential-election-winner-2024'}",,
7,presidential-election-winner-2024,2024-01-07 23:00:02+00:00,zscore_spike_manual,medium,"{'mode': 'manual_sql', 'price': 0.475, 'window': 30, 'z_score': 2.9138121129598225, 'detector': 'ZScoreDetector', 'threshold': 2.5, 'market_slug': 'presidential-election-winner-2024'}",,
6,presidential-election-winner-2024,2024-01-07 22:00:02+00:00,zscore_spike_manual,medium,"{'mode': 'manual_sql', 'price': 0.475, 'window': 30, 'z_score': 3.614285968633794, 'detector': 'ZScoreDetector', 'threshold': 2.5, 'market_slug': 'presidential-election-winner-2024'}",,
5,presidential-election-winner-2024,2024-01-07 21:00:03+00:00,zscore_spike_manual,high,"{'mode': 'manual_sql', 'price': 0.475, 'window': 30, 'z_score': 5.118500877541858, 'detector': 'ZScoreDetector', 'threshold': 2.5, 'market_slug': 'presidential-election-winner-2024'}",,
4,presidential-election-winner-2024,2024-01-07 19:00:03+00:00,zscore_spike_manual,medium,"{'mode': 'manual_sql', 'price': 0.395, 'window': 30, 'z_score': -2.5066578014028558, 'detector': 'ZScoreDetector', 'threshold': 2.5, 'market_slug': 'presidential-election-winner-2024'}",,
3,presidential-election-winner-2024,2024-01-07 18:00:02+00:00,zscore_spike_manual,medium,"{'mode': 'manual_sql', 'price': 0.395, 'window': 30, 'z_score': -2.9495762407506523, 'detector': 'ZScoreDetector', 'threshold': 2.5, 'market_slug': 'presidential-election-winner-2024'}",,
2,presidential-election-winner-2024,2024-01-07 17:00:03+00:00,zscore_spike_manual,medium,"{'mode': 'manual_sql', 'price': 0.395, 'window': 30, 'z_score': -3.6787679096859396, 'detector': 'ZScoreDetector', 'threshold': 2.5, 'market_slug': 'presidential-election-winner-2024'}",,
1,presidential-election-winner-2024,2024-01-07 16:00:02+00:00,zscore_spike_manual,high,"{'mode': 'manual_sql', 'price': 0.395, 'window': 30, 'z_score': -5.294651389217197, 'detector': 'ZScoreDetector', 'threshold': 2.5, 'market_slug': 'presidential-election-winner-2024'}",,
